0.000000,75.750358,0.000000,4.674382,4.252740
0.000000,75.999159,0.000000,5.008516,4.384268
0.000000,76.258793,0.000000,5.189013,4.261719
0.000000,76.503257,0.000000,5.326099,4.507746
0.000000,76.754939,0.000000,5.725032,4.840494
0.000000,77.003662,0.000000,6.445988,5.173015
0.000000,77.255073,0.000000,7.394368,5.841587
0.000000,77.504586,0.000000,8.497120,6.630760
0.000000,77.755180,0.000000,9.678656,7.395854
0.000000,78.003796,0.000000,10.895574,7.929884
0.000000,78.253697,0.000000,12.150387,8.771265
0.000000,78.504289,0.000000,13.455474,9.301882
0.000000,78.753991,0.000000,14.802407,9.823535
0.000000,79.003707,0.000000,16.199964,10.515412
0.000000,79.253606,0.000000,17.617111,11.497735
0.000000,79.503939,0.000000,18.718457,11.843466
0.000000,79.755365,0.000000,19.367756,12.396377
0.000000,80.002885,0.000000,19.731662,12.551077
0.000000,80.254708,0.000000,19.901885,12.529956
0.000000,80.503214,0.000000,20.105677,12.556362
0.000000,80.754942,0.000000,20.821698,13.102288
0.000000,81.004649,0.000000,21.751211,13.843425
0.000000,81.254124,0.000000,22.355963,13.806750
0.000000,81.504406,0.000000,22.765058,14.420383
0.000000,81.753029,0.000000,22.969367,14.252973
0.000000,82.002725,0.000000,23.048697,13.845578
0.000000,82.254425,0.000000,23.147495,14.544652
0.000000,82.503235,0.000000,23.673108,14.647819
0.000000,82.755035,0.000000,24.634291,15.707039
0.000000,83.003672,0.000000,25.326728,15.857803
0.000000,83.255180,0.000000,25.825102,15.490067
0.000000,83.504606,0.000000,26.277927,15.764020
0.000000,83.754498,0.000000,27.104999,16.695754
0.000000,84.002985,0.000000,27.811974,17.165328
0.000000,84.254742,0.000000,28.302733,16.934760
0.000000,84.505444,0.000000,28.644756,16.327388
0.000000,84.755082,0.000000,28.815022,16.937794
0.000000,85.004807,0.000000,28.890455,16.591650
0.000000,85.254545,0.000000,28.954473,17.280620
0.000000,85.503098,0.000000,29.014038,17.456425
0.000000,85.756022,0.000000,29.057446,17.333703
0.000000,86.003577,0.000000,29.105295,17.341597
0.000000,86.255017,0.000000,29.144955,17.631858
0.000000,86.504827,0.000000,29.164646,17.751863
0.000000,86.756196,0.000000,29.195396,17.581132
0.000000,87.003618,0.000000,29.208569,17.729361
0.000000,87.255864,0.000000,29.221165,17.525896
0.000000,87.506175,0.000000,29.235125,17.545417
0.000000,87.757519,0.000000,29.241157,17.196988
0.000000,88.004441,0.000000,29.250194,17.395495
0.000000,88.254553,0.000000,29.327569,17.617827
0.000000,88.505113,0.000000,29.533571,18.172411
0.000000,88.754795,0.000000,29.728674,18.069335
0.000000,89.004392,0.000000,29.912297,17.899175
0.000000,89.255030,0.000000,30.047849,17.459306
0.000000,89.504732,0.000000,30.134481,17.920513
0.000000,89.754606,0.000000,30.200641,17.767472
0.000000,90.005108,0.000000,30.255757,16.888023
0.000000,90.254948,0.000000,30.291472,17.782992
0.000000,90.504562,0.000000,30.329419,17.894700
0.000000,90.758477,0.000000,30.350680,17.757139
0.000000,91.004333,0.000000,30.375043,17.998540
0.000000,91.253737,0.000000,30.381163,17.986708
0.000000,91.505366,0.000000,30.409530,17.180606
0.000000,91.755032,0.000000,30.426145,17.092536
0.000000,92.004732,0.000000,30.449461,17.770291
0.000000,92.253495,0.000000,30.446588,18.757387
0.000000,92.505223,0.000000,30.456767,17.857425
0.000000,92.753768,0.000000,30.457148,18.090946
0.000000,93.005391,0.000000,30.451028,18.191336
0.000000,93.255011,0.000000,30.469513,17.577419
0.000000,93.503715,0.000000,30.477016,17.455716
0.000000,93.755462,0.000000,30.483928,18.137361
0.000000,94.005164,0.000000,30.487419,18.232528
0.000000,94.255019,0.000000,30.485227,17.952122
0.000000,94.504748,0.000000,30.486114,18.436349
0.000000,94.753303,0.000000,30.484283,18.254619
0.000000,95.004991,0.000000,30.473294,18.021905
0.000000,95.254606,0.000000,30.474081,18.259434
0.000000,95.504434,0.000000,30.458388,18.003250
0.000000,95.753722,0.000000,30.446490,17.115741
0.000000,96.004490,0.000000,30.429415,16.699104
0.000000,96.254012,0.000000,30.439278,16.227121
0.000000,96.503593,0.000000,30.450733,16.811989
0.000000,96.755386,0.000000,30.443076,17.077368
0.000000,97.004091,0.000000,30.459092,17.229148
0.000000,97.253554,0.000000,30.471942,17.071623
0.000000,97.506237,0.000000,30.483037,17.091683
0.000000,97.754913,0.000000,30.466848,17.803514
0.000000,98.006343,0.000000,30.472898,17.928052
0.000000,98.253643,0.000000,30.476288,17.541838
0.000000,98.505512,0.000000,30.471624,17.974584
0.000000,98.755978,0.000000,30.476994,17.900271
0.000000,99.006447,0.000000,30.484835,17.672569
0.000000,99.254454,0.000000,30.475106,17.357466
0.000000,99.503917,0.000000,30.478551,17.498123
0.000000,99.756384,0.000000,30.483124,17.355723
0.000000,100.005104,0.000000,30.483635,17.465965
0.000000,100.254866,0.000000,30.478447,17.168596
0.000000,100.504457,-0.100000,30.465059,17.155738
0.000000,102.504399,-0.100000,30.449095,17.948897
0.000000,102.510402,-0.100000,30.439541,17.572575
0.000000,102.516383,-0.100000,30.430639,18.139687
0.000000,102.521399,-0.100000,30.446770,16.848444
0.000000,102.527380,-0.100000,30.431295,18.042020
0.000000,102.532378,-0.100000,30.440749,18.284952
0.000000,102.537375,-0.100000,30.431206,17.774486
0.000000,102.545373,-0.100000,30.438803,17.495033
0.000000,102.754306,-0.100000,30.434833,18.186866
0.000000,103.005241,-0.100000,30.432981,17.877728
0.000000,103.254163,-0.100000,30.441002,17.996866
0.000000,103.506062,-0.100000,30.445260,17.952134
0.000000,103.754998,-0.100000,30.449856,18.320318
0.000000,104.004900,-0.100000,30.455616,17.919492
0.000000,104.253836,-0.100000,30.459323,17.659674
0.000000,104.505738,-0.100000,30.462672,18.031461
0.000000,104.756655,-0.100000,30.465917,17.046733
0.000000,105.005589,-0.100000,30.466854,16.987421
0.000000,105.254495,-0.100000,30.455101,17.540191
0.000000,105.504419,-0.100000,30.458346,17.775104
0.000000,105.755027,-0.100000,30.466443,18.119088
0.000000,106.005723,-0.100000,30.473243,17.168318
0.000000,106.255357,-0.100000,30.464655,18.077965
0.000000,106.506117,-0.100000,30.459267,18.379217
0.000000,106.753630,-0.100000,30.449713,18.322189
0.000000,107.005294,-0.100000,30.446625,19.143363
0.000000,107.254973,-0.100000,30.449826,18.694490
0.000000,107.505741,-0.100000,30.456784,17.874021
0.000000,107.753414,-0.100000,30.461023,17.899141
0.000000,108.003642,-0.100000,30.455815,18.222802
0.000000,108.253620,-0.100000,30.444785,18.430562
0.000000,108.503395,-0.100000,30.441046,18.450304
0.000000,108.754873,-0.100000,30.439521,18.579862
0.000000,109.004548,-0.100000,30.442787,18.674741
0.000000,109.254386,-0.200000,30.443341,19.185829
0.000000,111.255888,-0.200000,30.424466,18.620357
0.000000,111.260884,-0.200000,30.433535,18.732883
0.000000,111.265882,-0.200000,30.436615,19.486501
0.000000,111.271867,-0.200000,30.429835,19.401830
0.000000,111.276865,-0.200000,30.431184,18.508409
0.000000,111.281876,-0.200000,30.437081,18.397185
0.000000,111.286874,-0.200000,30.424849,18.955673
0.000000,111.293860,-0.200000,30.415729,19.775897
0.000000,111.505269,-0.200000,30.418689,18.440471
0.000000,111.754193,-0.200000,30.421959,18.893061
0.000000,112.005095,-0.200000,30.427033,18.965988
0.000000,112.254015,-0.200000,30.419517,19.332254
0.000000,112.505932,-0.200000,30.433165,18.631068
0.000000,112.753852,-0.200000,30.430761,19.108572
0.000000,113.005770,-0.200000,30.419844,19.145980
0.000000,113.255689,-0.200000,30.426470,19.265142
0.000000,113.504609,-0.200000,30.439158,19.379411
0.000000,113.754527,-0.200000,30.454359,18.928009
0.000000,114.003446,-0.200000,30.448815,18.849250
0.000000,114.255364,-0.200000,30.466756,19.433542
0.000000,114.504847,-0.200000,30.473972,18.058069
0.000000,114.754294,-0.200000,30.469677,18.162313
0.000000,115.003859,-0.200000,30.452568,17.750360
0.000000,115.254551,-0.200000,30.443763,17.922053
0.000000,115.504757,-0.200000,30.432320,18.160992
0.000000,115.755511,-0.200000,30.409766,18.157547
0.000000,116.003390,-0.200000,30.415098,18.035709
0.000000,116.256116,-0.200000,30.425069,17.185308
0.000000,116.503655,-0.200000,30.432500,17.577128
0.000000,116.754502,-0.200000,30.436675,17.530133
0.000000,117.004355,-0.200000,30.451610,17.066278
0.000000,117.255023,-0.200000,30.454656,17.047732
0.000000,117.504622,-0.300000,30.445863,18.054735
0.000000,119.505033,-0.300000,30.429939,18.107801
0.000000,119.511028,-0.300000,30.415218,18.329283
0.000000,119.516014,-0.300000,30.403946,17.804222
0.000000,119.521025,-0.300000,30.402275,18.136220
0.000000,119.526023,-0.300000,30.425809,18.885120
0.000000,119.531021,-0.300000,30.398355,19.100797
0.000000,119.536020,-0.300000,30.419621,17.497465
0.000000,119.544017,-0.300000,30.414105,17.261812
0.000000,119.753382,-0.300000,30.401180,17.229992
0.000000,120.006044,-0.300000,30.401413,18.048862
0.000000,120.254598,-0.300000,30.407973,17.283324
0.000000,120.504574,-0.300000,30.414617,17.877752
0.000000,120.754480,-0.300000,30.420131,17.470251
0.000000,121.004397,-0.300000,30.413793,17.829406
0.000000,121.255327,-0.300000,30.419290,17.949055
0.000000,121.506238,-0.300000,30.414676,17.205050
0.000000,121.757154,-0.300000,30.419512,17.729426
0.000000,122.008073,-0.300000,30.406089,16.963597
0.000000,122.256994,-0.300000,30.406384,17.614540
0.000000,122.505924,-0.300000,30.397764,17.098211
0.000000,122.757165,-0.300000,30.393138,16.557219
0.000000,123.007852,-0.300000,30.416236,15.823583
0.000000,123.255332,-0.300000,30.422402,16.456535
0.000000,123.507134,-0.300000,30.428397,16.407581
0.000000,123.755572,-0.300000,30.430641,17.040786
0.000000,124.006276,-0.300000,30.437115,16.433184
0.000000,124.254683,-0.300000,30.432457,16.656638
0.000000,124.506198,-0.400000,30.437344,15.392606
0.000000,126.508976,-0.400000,30.424725,16.552380
0.000000,126.515970,-0.400000,30.423200,17.402103
0.000000,126.521968,-0.400000,30.431182,16.705197
0.000000,126.527966,-0.400000,30.424979,16.372600
0.000000,126.533965,-0.400000,30.424492,16.394165
0.000000,126.538962,-0.400000,30.416304,17.419634
0.000000,126.543962,-0.400000,30.422537,15.912582
0.000000,126.550951,-0.400000,30.402767,15.705629
0.000000,126.754428,-0.400000,30.399668,15.620844
0.000000,127.004170,-0.400000,30.404872,15.294477
0.000000,127.254582,-0.400000,30.426988,15.054057
0.000000,127.505383,-0.400000,30.422543,16.129305
0.000000,127.755886,-0.400000,30.401311,16.265614
0.000000,128.004478,-0.400000,30.405422,16.262022
0.000000,128.255198,-0.400000,30.392524,16.031949
0.000000,128.505805,-0.400000,30.407002,15.190099
0.000000,128.755757,-0.400000,30.391765,15.725909
0.000000,129.005688,-0.400000,30.391664,16.372193
0.000000,129.255596,-0.400000,30.386576,15.805754
0.000000,129.504532,-0.400000,30.403210,15.118393
0.000000,129.755852,-0.400000,30.405926,15.192523
0.000000,130.004499,-0.400000,30.393660,15.097451
0.000000,130.255321,-0.400000,30.391284,15.581323
0.000000,130.505953,-0.400000,30.394289,15.054475
0.000000,130.754560,-0.400000,30.393829,14.952919
0.000000,131.004069,-0.400000,30.383870,14.363104
0.000000,131.254591,-0.400000,30.398575,14.868829
0.000000,131.505239,-0.400000,30.400609,14.166685
0.000000,131.753754,-0.400000,30.408722,14.403930
0.000000,132.003589,-0.400000,30.404774,14.607035
0.000000,132.254218,-0.400000,30.388965,13.942118
0.000000,132.503644,-0.400000,30.392625,15.036530
0.000000,132.753176,-0.400000,30.387545,15.592257
0.000000,133.003899,-0.400000,30.381584,14.445701
0.000000,133.253431,-0.400000,30.383654,14.708750
0.000000,133.503161,-0.400000,30.376479,14.220451
0.000000,133.754839,-0.400000,30.381781,14.380407
0.000000,134.004229,-0.400000,30.393408,13.921534
0.000000,134.254770,-0.400000,30.395217,14.055541
0.000000,134.504631,-0.500000,30.395326,14.334230
0.000000,136.505224,-0.500000,30.396992,14.508754
0.000000,136.511226,-0.500000,30.388056,14.787813
0.000000,136.516208,-0.500000,30.380234,15.540217
0.000000,136.522207,-0.500000,30.370160,15.143161
0.000000,136.527204,-0.500000,30.372958,15.310368
0.000000,136.532202,-0.500000,30.359438,16.056924
0.000000,136.538218,-0.500000,30.360484,16.013470
0.000000,136.545199,-0.500000,30.373683,15.514990
0.000000,136.756130,-0.500000,30.368832,14.671937
0.000000,137.005066,-0.500000,30.369690,15.473676
0.000000,137.253985,-0.500000,30.361466,15.695035
0.000000,137.504887,-0.500000,30.362790,15.516313
0.000000,137.753806,-0.500000,30.359543,15.507041
0.000000,138.004725,-0.500000,30.370023,14.644570
0.000000,138.253662,-0.500000,30.361765,14.644763
0.000000,138.506562,-0.500000,30.362972,14.468538
0.000000,138.754481,-0.500000,30.367245,14.522623
0.000000,139.004402,-0.500000,30.364109,14.626419
0.000000,139.253337,-0.500000,30.353099,14.040682
0.000000,139.505239,-0.500000,30.341743,15.359436
0.000000,139.754487,-0.500000,30.339369,15.147691
0.000000,140.006038,-0.500000,30.335939,16.038291
0.000000,140.253780,-0.500000,30.358527,13.965612
0.000000,140.504454,-0.500000,30.357719,14.712687
0.000000,140.753223,-0.500000,30.348151,14.622430
0.000000,141.005770,-0.500000,30.361680,14.161279
0.000000,141.253521,-0.500000,30.350404,14.669023
0.000000,141.503243,-0.500000,30.354989,14.439513
0.000000,141.754806,-0.500000,30.367784,14.493049
0.000000,142.004368,-0.600000,30.374367,14.778674
0.000000,144.004729,-0.600000,30.385374,14.778963
0.000000,144.009728,-0.600000,30.373891,14.810270
0.000000,144.014739,-0.600000,30.358044,14.807651
0.000000,144.019725,-0.600000,30.354314,14.500944
0.000000,144.024723,-0.600000,30.337239,14.207524
0.000000,144.028735,-0.600000,30.344043,15.006714
0.000000,144.033738,-0.600000,30.334623,15.839023
0.000000,144.042730,-0.600000,30.337949,15.131431
0.000000,144.256297,-0.600000,30.350337,15.349818
0.000000,144.506063,-0.600000,30.349396,14.403417
0.000000,144.755614,-0.600000,30.356204,15.057120
0.000000,145.005117,-0.600000,30.359231,14.780388
0.000000,145.253658,-0.600000,30.344165,14.905640
0.000000,145.504512,-0.600000,30.342847,14.940566
0.000000,145.754458,-0.600000,30.336623,15.251574
0.000000,146.004395,-0.600000,30.336069,15.121684
0.000000,146.254298,-0.600000,30.330611,16.636639
0.000000,146.504215,-0.600000,30.323589,14.865416
0.000000,146.753153,-0.600000,30.335199,14.566481
0.000000,147.005053,-0.600000,30.312984,15.164004
0.000000,147.253481,-0.600000,30.319976,16.240999
0.000000,147.503139,-0.600000,30.324164,16.592012
0.000000,147.754658,-0.600000,30.315784,16.617075
0.000000,148.004398,-0.600000,30.321099,17.646094
0.000000,148.255086,-0.600000,30.322680,17.185313
0.000000,148.505865,-0.600000,30.325139,16.904218
0.000000,148.754526,-0.600000,30.318267,17.032203
0.000000,149.006251,-0.600000,30.343099,16.591079
0.000000,149.254951,-0.600000,30.347993,16.465388
0.000000,149.506454,-0.600000,30.345123,17.101521
0.000000,149.755062,-0.600000,30.341754,17.492951
0.000000,150.004770,-0.600000,30.331073,17.361042
0.000000,150.255342,-0.600000,30.329620,16.712728
0.000000,150.506204,-0.700000,30.336715,15.639565
0.000000,152.506666,-0.700000,30.336826,15.461592
0.000000,152.513649,-0.700000,30.339021,15.994528
0.000000,152.518646,-0.700000,30.346128,16.413354
0.000000,152.523657,-0.700000,30.336123,17.210296
0.000000,152.529660,-0.700000,30.327903,16.080058
0.000000,152.534653,-0.700000,30.340935,17.772031
0.000000,152.539639,-0.700000,30.341470,16.700782
0.000000,152.546699,-0.700000,30.348806,17.184615
0.000000,152.754165,-0.700000,30.347595,15.919094
0.000000,153.003897,-0.700000,30.328367,16.932677
0.000000,153.255820,-0.700000,30.334506,17.019874
0.000000,153.504739,-0.700000,30.328987,16.910596
0.000000,153.754641,-0.700000,30.344148,16.336149
0.000000,154.004559,-0.700000,30.349745,16.110740
0.000000,154.255477,-0.700000,30.350442,16.941778
0.000000,154.505402,-0.700000,30.353469,16.302054
0.000000,154.755316,-0.700000,30.329421,16.456677
0.000000,155.005234,-0.700000,30.326960,16.387665
0.000000,155.255166,-0.700000,30.333900,15.808933
0.000000,155.505073,-0.700000,30.326938,17.608493
0.000000,155.755432,-0.700000,30.335579,19.497915
0.000000,156.004287,-0.700000,30.335089,18.124866
0.000000,156.254656,-0.700000,30.334959,17.714580
0.000000,156.504474,-0.700000,30.328168,17.903021
0.000000,156.754061,-0.700000,30.338101,18.463609
0.000000,157.003593,-0.700000,30.329141,18.032988
0.000000,157.254269,-0.800000,30.330996,19.276516
0.000000,159.255863,-0.800000,30.323681,18.666908
0.000000,159.261858,-0.800000,30.334809,19.184677
0.000000,159.266843,-0.800000,30.325274,20.021263
0.000000,159.272841,-0.800000,30.326622,18.414388
0.000000,159.277839,-0.800000,30.325935,18.678100
0.000000,159.282837,-0.800000,30.330720,18.005909
0.000000,159.288836,-0.800000,30.329019,19.571337
0.000000,159.295889,-0.800000,30.342471,18.942335
0.000000,159.503458,-0.800000,30.334741,19.528647
0.000000,159.753064,-0.800000,30.330281,18.788788
0.000000,160.003724,-0.800000,30.324797,18.891511
0.000000,160.254330,-0.800000,30.315012,18.537780
0.000000,160.504102,-0.800000,30.307528,18.940639
0.000000,160.754638,-0.800000,30.312858,19.570967
0.000000,161.004422,-0.800000,30.309089,18.935785
0.000000,161.254930,-0.800000,30.315692,19.200339
0.000000,161.504426,-0.800000,30.297897,19.209449
0.000000,161.755335,-0.800000,30.299728,20.017530
0.000000,162.005268,-0.800000,30.304816,19.272971
0.000000,162.255172,-0.800000,30.312413,20.874485
0.000000,162.505486,-0.800000,30.300741,23.878750
0.000000,162.753899,-0.800000,30.288963,23.490902
0.000000,163.005631,-0.800000,30.289602,23.639965
0.000000,163.256425,-0.800000,30.291380,24.013973
0.000000,163.504166,-0.800000,30.297578,23.981764
0.000000,163.754797,-0.800000,30.304149,23.497259
0.000000,164.005417,-0.800000,30.311750,24.815966
0.000000,164.254183,-0.800000,30.306213,23.867944
0.000000,164.504817,-0.800000,30.316644,23.692078
0.000000,164.756698,-0.800000,30.327229,23.070943
0.000000,165.005714,-0.800000,30.304228,24.997978
0.000000,165.255508,-0.800000,30.299894,24.867875
0.000000,165.504062,-0.800000,30.288276,23.310717
0.000000,165.754690,-0.800000,30.290965,23.004690
0.000000,166.005419,-0.800000,30.312048,23.751082
0.000000,166.253071,-0.800000,30.327586,24.219148
0.000000,166.503768,-0.900000,30.343968,22.984848
0.000000,168.504748,-0.900000,30.347095,23.026239
0.000000,168.509751,-0.900000,30.336657,23.124839
0.000000,168.514732,-0.900000,30.353265,23.253535
0.000000,168.519748,-0.900000,30.340058,24.879619
0.000000,168.524746,-0.900000,30.340041,24.120488
0.000000,168.528746,-0.900000,30.337633,23.446816
0.000000,168.533726,-0.900000,30.308086,23.331650
0.000000,168.540724,-0.900000,30.314610,22.384986
0.000000,168.753655,-0.900000,30.322836,23.903658
0.000000,169.004591,-0.900000,30.326615,23.855132
0.000000,169.253493,-0.900000,30.329122,23.854356
0.000000,169.504429,-0.900000,30.329295,22.606915
0.000000,169.754348,-0.900000,30.312924,22.461890
0.000000,170.005250,-0.900000,30.291136,23.417671
0.000000,170.255169,-0.900000,30.301343,22.577046
0.000000,170.506086,-0.900000,30.321431,22.731377
0.000000,170.754005,-0.900000,30.303383,23.261146
0.000000,171.003925,-0.900000,30.307757,23.931230
0.000000,171.253843,-0.900000,30.296092,23.592598
0.000000,171.504762,-0.900000,30.302196,25.635818
0.000000,171.754402,-0.900000,30.301392,28.647222
0.000000,172.004991,-0.900000,30.299572,28.301604
0.000000,172.254772,-0.900000,30.307038,28.274249
0.000000,172.506502,-0.900000,30.309915,28.295085
0.000000,172.755069,-0.900000,30.307939,27.796330
0.000000,173.003743,-0.900000,30.310880,28.401208
0.000000,173.254165,-0.900000,30.324802,28.360588
0.000000,173.505729,-0.900000,30.309823,28.324074
0.000000,173.754469,-0.900000,30.310090,28.475308
0.000000,174.006212,-0.900000,30.307967,28.235746
0.000000,174.254806,-0.900000,30.308232,28.139317
0.000000,174.505598,-0.900000,30.317294,29.173087
0.000000,174.755207,-0.900000,30.317138,28.883141
0.000000,175.004810,-0.900000,30.312572,28.327649
0.000000,175.254462,-0.900000,30.324408,28.249301
0.000000,175.506087,-1.000000,30.315269,27.951985
0.000000,177.507226,-1.000000,30.310687,27.390063
0.000000,177.513221,-1.000000,30.319493,28.323727
0.000000,177.519218,-1.000000,30.315959,27.764252
0.000000,177.526248,-1.000000,30.330078,27.354232
0.000000,177.534201,-1.000000,30.340914,26.832654
0.000000,177.542201,-1.000000,30.338997,28.009815
0.000000,177.548198,-1.000000,30.322817,28.333497
0.000000,177.558194,-1.000000,30.334099,27.996627
0.000000,177.756129,-1.000000,30.309477,27.665208
0.000000,178.004049,-1.000000,30.312527,28.390882
0.000000,178.253967,-1.000000,30.306957,28.700870
0.000000,178.503886,-1.000000,30.309859,27.740353
0.000000,178.754804,-1.000000,30.320624,27.573568
0.000000,179.004724,-1.000000,30.313908,28.052363
0.000000,179.254661,-1.000000,30.305359,27.513235
0.000000,179.504579,-1.000000,30.316193,28.263733
0.000000,179.754514,-1.000000,30.307909,28.035227
0.000000,180.005399,-1.000000,30.303537,27.660662
0.000000,180.255335,-1.000000,30.293839,28.266872
0.000000,180.505254,-1.000000,30.311746,29.927391
0.000000,180.755537,-1.000000,30.309543,30.926597
0.000000,181.004079,-1.000000,30.312601,30.934199
0.000000,181.253479,-1.000000,30.323578,30.476869
0.000000,181.503278,-1.000000,30.325535,30.562559
0.000000,181.754023,-1.000000,30.321480,30.872534
0.000000,182.002693,-1.000000,30.321424,30.788014
0.000000,182.253205,-1.000000,30.311806,29.782828
0.000000,182.502727,-1.000000,30.298019,30.167372
0.000000,182.755606,-1.000000,30.292605,29.781360
0.000000,183.003375,-1.000000,30.303836,29.969929
0.000000,183.253986,-1.000000,30.291694,29.905049
0.000000,183.504529,-1.000000,30.304504,29.881236
0.000000,183.754527,-1.000000,30.306238,30.132695
0.000000,184.004261,-1.000000,30.305184,29.904066
0.000000,184.254742,-1.100000,30.295689,30.574424
0.000000,186.257022,-1.100000,30.293799,30.664820
0.000000,186.263021,-1.100000,30.284570,30.838386
0.000000,186.269031,-1.100000,30.282343,30.795279
0.000000,186.275018,-1.100000,30.274472,30.363079
0.000000,186.280016,-1.100000,30.270498,30.557254
0.000000,186.286015,-1.100000,30.275385,30.991762
0.000000,186.291026,-1.100000,30.277950,30.856480
0.000000,186.298023,-1.100000,30.295572,30.684275
0.000000,186.503612,-1.100000,30.304322,30.722189
0.000000,186.754641,-1.100000,30.299950,31.223920
0.000000,187.004559,-1.100000,30.292475,30.865451
0.000000,187.254478,-1.100000,30.300622,31.052688
0.000000,187.504397,-1.100000,30.290394,30.964229
0.000000,187.753317,-1.100000,30.281496,31.042156
0.000000,188.005235,-1.100000,30.295786,30.780044
0.000000,188.255154,-1.100000,30.289376,30.791161
0.000000,188.504073,-1.100000,30.296917,31.004784
0.000000,188.752993,-1.100000,30.301129,30.592763
0.000000,189.003911,-1.100000,30.315442,30.803843
0.000000,189.253830,-1.100000,30.323897,31.294215
0.000000,189.504266,-1.100000,30.327394,32.207353
0.000000,189.752889,-1.100000,30.319042,32.228353
0.000000,190.004193,-1.100000,30.317668,31.816375
0.000000,190.255169,-1.100000,30.316353,32.141394
0.000000,190.503738,-1.100000,30.315367,32.231472
0.000000,190.754375,-1.100000,30.325696,31.898739
0.000000,191.005134,-1.100000,30.320248,31.414244
0.000000,191.253854,-1.100000,30.329223,31.878128
0.000000,191.505524,-1.100000,30.315215,31.994583
0.000000,191.754077,-1.100000,30.306350,31.938894
0.000000,192.003855,-1.100000,30.315630,32.110390
0.000000,192.254381,-1.100000,30.314854,32.538235
0.000000,192.505246,-1.200000,30.323386,32.056116
0.000000,194.506953,-1.200000,30.307049,32.195943
0.000000,194.512952,-1.200000,30.297700,32.325884
0.000000,194.517951,-1.200000,30.283763,32.321956
0.000000,194.523949,-1.200000,30.276162,32.457109
0.000000,194.528959,-1.200000,30.275298,32.316819
0.000000,194.534945,-1.200000,30.279118,32.446181
0.000000,194.539956,-1.200000,30.292064,32.139632
0.000000,194.546941,-1.200000,30.294400,32.107938
0.000000,194.752623,-1.200000,30.290920,32.040652
0.000000,195.003182,-1.200000,30.319037,32.225852
0.000000,195.253731,-1.200000,30.313639,32.331476
0.000000,195.503668,-1.200000,30.313692,32.128295
0.000000,195.754587,-1.200000,30.309947,32.148752
0.000000,196.004487,-1.200000,30.300215,32.176993
0.000000,196.255405,-1.200000,30.297608,32.387046
0.000000,196.504325,-1.200000,30.283992,32.370137
0.000000,196.754244,-1.200000,30.282260,32.277987
0.000000,197.004165,-1.200000,30.290289,32.334630
0.000000,197.254084,-1.200000,30.278322,32.252697
0.000000,197.504003,-1.200000,30.278773,32.631032
0.000000,197.754329,-1.200000,30.269835,32.739273
0.000000,198.003890,-1.200000,30.293320,32.744085
0.000000,198.254428,-1.200000,30.291904,32.670384
0.000000,198.504114,-1.200000,30.295955,32.674847
0.000000,198.754490,-1.200000,30.301616,32.677981
0.000000,199.004226,-1.200000,30.306527,32.760935
0.000000,199.254926,-1.200000,30.309335,32.736048
0.000000,199.503734,-1.200000,30.318389,32.753718
0.000000,199.753818,-1.200000,30.320164,32.731198
0.000000,200.002736,-1.200000,30.329244,32.732856
0.000000,200.253673,-1.200000,30.320124,32.782573
0.000000,200.502592,-1.200000,30.306347,32.742832
0.000000,200.753510,-1.300000,30.290995,32.687642
0.000000,202.754856,-1.300000,30.292631,32.690821
0.000000,202.760860,-1.300000,30.285962,32.783028
0.000000,202.766854,-1.300000,30.298885,32.697686
0.000000,202.772855,-1.300000,30.303575,32.665535
0.000000,202.778853,-1.300000,30.292650,32.655883
0.000000,202.784852,-1.300000,30.293508,32.687019
0.000000,202.790850,-1.300000,30.287900,32.748597
0.000000,202.797843,-1.300000,30.290071,32.587087
0.000000,203.004762,-1.300000,30.276089,32.732183
0.000000,203.254683,-1.300000,30.278908,32.734688
0.000000,203.504601,-1.300000,30.274207,32.652469
0.000000,203.754519,-1.300000,30.271381,32.714876
0.000000,204.003440,-1.300000,30.301240,32.836456
0.000000,204.255357,-1.300000,30.308270,32.830543
0.000000,204.504293,-1.300000,30.311966,32.750649
0.000000,204.754195,-1.300000,30.321516,32.779121
0.000000,205.003132,-1.300000,30.311754,32.683744
0.000000,205.254034,-1.300000,30.308264,32.727454
0.000000,205.502954,-1.300000,30.297888,32.772688
0.000000,205.753872,-1.300000,30.297009,32.703227
0.000000,206.002807,-1.300000,30.287280,32.629377
0.000000,206.254710,-1.300000,30.288988,32.697175
0.000000,206.503629,-1.300000,30.283599,32.636450
0.000000,206.753548,-1.300000,30.277931,32.696755
0.000000,207.002483,-1.300000,30.278067,32.669814
0.000000,207.259384,-1.300000,30.286373,32.696604
0.000000,207.504320,-1.300000,30.292719,32.751604
0.000000,207.753240,-1.300000,30.313795,32.695007
0.000000,208.005144,-1.300000,30.320768,32.663567
0.000000,208.256058,-1.300000,30.314888,32.659264
0.000000,208.503996,-1.400000,30.296994,32.631421
0.000000,210.504343,-1.400000,30.302782,32.604656
0.000000,210.510345,-1.400000,30.301317,32.630400
0.000000,210.515344,-1.400000,30.296581,32.671153
0.000000,210.521341,-1.400000,30.303905,32.664282
0.000000,210.527321,-1.400000,30.283733,32.602718
0.000000,210.532338,-1.400000,30.287096,32.650939
0.000000,210.539320,-1.400000,30.295039,32.674924
0.000000,210.546326,-1.400000,30.292130,32.704465
0.000000,210.754265,-1.400000,30.297189,32.691540
0.000000,211.003186,-1.400000,30.292646,32.682842
0.000000,211.254088,-1.400000,30.301291,32.679422
0.000000,211.503007,-1.400000,30.305764,32.703479
0.000000,211.753925,-1.400000,30.303182,32.727462
0.000000,212.002845,-1.400000,30.299954,32.692934
0.000000,212.252763,-1.400000,30.307967,32.613362
0.000000,212.503682,-1.400000,30.309669,32.654564
0.000000,212.752602,-1.400000,30.299743,32.707732
0.000000,213.003518,-1.400000,30.296601,32.675062
0.000000,213.253438,-1.400000,30.304910,32.706803
0.000000,213.504356,-1.400000,30.297229,32.594253
0.000000,213.753277,-1.400000,30.285506,32.538160
0.000000,214.004196,-1.400000,30.289551,32.551833
0.000000,214.254130,-1.400000,30.291236,32.526775
0.000000,214.503050,-1.400000,30.303148,32.562055
0.000000,214.753968,-1.400000,30.310649,32.551727
0.000000,215.004870,-1.400000,30.324438,32.540885
0.000000,215.253806,-1.400000,30.307036,32.569611
0.000000,215.503708,-1.400000,30.318580,32.545856
0.000000,215.752644,-1.400000,30.311958,32.579029
0.000000,216.004563,-1.400000,30.303888,32.584289
0.000000,216.253466,-1.500000,30.312539,32.596374
0.000000,218.254842,-1.500000,30.308619,32.595030
0.000000,218.259846,-1.500000,30.321482,32.594618
0.000000,218.265826,-1.500000,30.324547,32.609899
0.000000,218.271825,-1.500000,30.320487,32.628427
0.000000,218.277822,-1.500000,30.322785,32.630409
0.000000,218.282821,-1.500000,30.315472,32.559932
0.000000,218.288853,-1.500000,30.327770,32.571265
0.000000,218.295834,-1.500000,30.334726,32.622503
0.000000,218.502767,-1.500000,30.337519,32.588284
0.000000,218.754712,-1.500000,30.333746,32.644229
0.000000,219.002390,-1.500000,30.316984,32.591977
0.000000,219.255199,-1.500000,30.319959,32.603250
0.000000,219.502975,-1.500000,30.306831,32.568968
0.000000,219.754881,-1.500000,30.312770,32.570004
0.000000,220.002818,-1.500000,30.317373,32.576744
0.000000,220.253737,-1.500000,30.300741,32.550958
0.000000,220.503638,-1.500000,30.292496,32.573223
0.000000,220.753558,-1.500000,30.299261,32.547410
0.000000,221.002476,-1.500000,30.286142,32.529141
0.000000,221.253396,-1.500000,30.282441,32.492024
0.000000,221.504108,-1.500000,30.279274,32.466255
0.000000,221.753907,-1.500000,30.285692,32.468215
0.000000,222.004604,-1.500000,30.287874,32.480344
0.000000,222.256087,-1.500000,30.288670,32.476743
0.000000,222.504772,-1.500000,30.296303,32.470560
0.000000,222.754555,-1.500000,30.296404,32.469742
0.000000,223.005262,-1.500000,30.284895,32.467698
0.000000,223.254968,-1.500000,30.297227,32.482649
0.000000,223.504760,-1.500000,30.303456,32.478433
0.000000,223.756161,-1.500000,30.307156,32.451641
0.000000,224.004890,-1.500000,30.308906,32.439628
0.000000,224.254945,-1.500000,30.295858,32.459645
0.000000,224.503421,-1.600000,30.305710,32.473871
0.000000,226.504572,-1.600000,30.301633,32.452861
0.000000,226.510566,-1.600000,30.297959,32.464702
0.000000,226.516564,-1.600000,30.310144,32.503170
0.000000,226.522563,-1.600000,30.291268,32.487288
0.000000,226.528561,-1.600000,30.289600,32.468552
0.000000,226.534558,-1.600000,30.287720,32.464254
0.000000,226.540556,-1.600000,30.302023,32.439941
0.000000,226.547554,-1.600000,30.297339,32.444547
0.000000,226.754185,-1.600000,30.299503,32.441558
0.000000,227.004888,-1.600000,30.290317,32.446335
0.000000,227.253467,-1.600000,30.268761,32.398075
0.000000,227.503429,-1.600000,30.285021,32.413004
0.000000,227.753366,-1.600000,30.294032,32.418914
0.000000,228.003285,-1.600000,30.298190,32.423624
0.000000,228.254186,-1.600000,30.294235,32.423137
0.000000,228.504105,-1.600000,30.290490,32.488025
0.000000,228.755041,-1.600000,30.293732,32.475303
0.000000,229.004943,-1.600000,30.293311,32.425775
0.000000,229.254879,-1.600000,30.281532,32.414744
0.000000,229.505780,-1.600000,30.288931,32.408805
0.000000,229.753469,-1.600000,30.284895,32.419110
0.000000,230.005042,-1.600000,30.273441,32.401297
0.000000,230.253401,-1.600000,30.284125,32.402848
0.000000,230.505180,-1.600000,30.264719,32.367075
0.000000,230.753983,-1.600000,30.277629,32.370935
0.000000,231.005754,-1.600000,30.286086,32.391742
0.000000,231.254540,-1.600000,30.289594,32.423930
0.000000,231.506175,-1.600000,30.303635,32.446441
0.000000,231.753189,-1.600000,30.297390,32.433703
0.000000,232.005723,-1.600000,30.295106,32.390842
0.000000,232.254294,-1.600000,30.306542,32.416437
0.000000,232.505887,-1.600000,30.305828,32.417225
0.000000,232.754398,-1.600000,30.286435,32.366835
0.000000,233.005686,-1.600000,30.290024,32.413483
0.000000,233.254443,-1.600000,30.272216,32.384650
0.000000,233.504337,-1.600000,30.276151,32.417377
0.000000,233.754616,-1.700000,30.278527,32.415285
0.000000,235.755685,-1.700000,30.268047,32.418936
0.000000,235.762673,-1.700000,30.292806,32.428804
0.000000,235.768668,-1.700000,30.306373,32.454514
0.000000,235.774666,-1.700000,30.314725,32.392657
0.000000,235.780665,-1.700000,30.300592,32.421219
0.000000,235.786663,-1.700000,30.300324,32.417245
0.000000,235.792678,-1.700000,30.301471,32.448860
0.000000,235.799677,-1.700000,30.296410,32.415529
0.000000,236.003593,-1.700000,30.297875,32.413457
0.000000,236.253511,-1.700000,30.294111,32.409861
0.000000,236.503429,-1.700000,30.299689,32.390558
0.000000,236.753349,-1.700000,30.288390,32.411939
0.000000,237.003268,-1.700000,30.292873,32.389281
0.000000,237.253186,-1.700000,30.286948,32.404916
0.000000,237.505105,-1.700000,30.304082,32.399260
0.000000,237.755043,-1.700000,30.297505,32.403211
0.000000,238.004943,-1.700000,30.287628,32.401073
0.000000,238.254880,-1.700000,30.281864,32.386443
0.000000,238.503781,-1.700000,30.273118,32.389921
0.000000,238.753700,-1.700000,30.277494,32.384646
0.000000,239.005012,-1.700000,30.291136,32.365764
0.000000,239.254682,-1.700000,30.295305,32.353714
0.000000,239.504333,-1.700000,30.291904,32.335318
0.000000,239.753160,-1.700000,30.277922,32.372822
0.000000,240.004122,-1.700000,30.281274,32.390090
0.000000,240.254711,-1.700000,30.279710,32.355492
0.000000,240.504390,-1.700000,30.281909,32.330486
0.000000,240.755841,-1.700000,30.277864,32.379851
0.000000,241.004767,-1.700000,30.266967,32.352870
0.000000,241.255680,-1.700000,30.280758,32.344920
0.000000,241.503598,-1.700000,30.291940,32.348519
0.000000,241.754357,-1.700000,30.283992,32.357178
0.000000,242.003991,-1.700000,30.271715,32.355426
0.000000,242.253623,-1.700000,30.285964,32.383599
0.000000,242.504089,-1.700000,30.296601,32.389903
0.000000,242.754638,-1.700000,30.301559,32.373372
0.000000,243.003484,-1.800000,30.305746,32.370836
0.000000,245.004154,-1.800000,30.298594,32.398323
0.000000,245.011151,-1.800000,30.291343,32.393196
0.000000,245.018131,-1.800000,30.285038,32.387211
0.000000,245.024129,-1.800000,30.274181,32.402643
0.000000,245.030129,-1.800000,30.250271,32.357431
0.000000,245.037127,-1.800000,30.239286,32.345776
0.000000,245.043125,-1.800000,30.246975,32.375354
0.000000,245.052122,-1.800000,30.252149,32.359117
0.000000,245.254073,-1.800000,30.266289,32.370718
0.000000,245.503973,-1.800000,30.270759,32.352088
0.000000,245.754893,-1.800000,30.277539,32.383222
0.000000,246.005813,-1.800000,30.285697,32.371448
0.000000,246.253748,-1.800000,30.286593,32.379232
0.000000,246.506667,-1.800000,30.272425,32.363720
0.000000,246.755568,-1.800000,30.279289,32.375634
0.000000,247.003506,-1.800000,30.279180,32.372187
0.000000,247.254423,-1.800000,30.262805,32.365465
0.000000,247.504325,-1.800000,30.258063,32.361442
0.000000,247.754244,-1.800000,30.266203,32.372655
0.000000,248.004164,-1.800000,30.270748,32.374767
0.000000,248.254650,-1.800000,30.278968,32.381382
0.000000,248.503489,-1.800000,30.274359,32.379190
0.000000,248.754111,-1.800000,30.289786,32.388533
0.000000,249.005710,-1.800000,30.278249,32.372644
0.000000,249.254114,-1.800000,30.274737,32.334672
0.000000,249.504799,-1.800000,30.274853,32.356406
0.000000,249.753309,-1.800000,30.271315,32.352878
0.000000,250.003802,-1.800000,30.273734,32.371485
0.000000,250.254472,-1.800000,30.295717,32.388313
0.000000,250.503224,-1.800000,30.302968,32.411845
0.000000,250.754756,-1.800000,30.289380,32.407933
0.000000,251.003335,-1.800000,30.284112,32.378916
0.000000,251.254879,-1.900000,30.278929,32.361415
0.000000,253.256949,-1.900000,30.277152,32.357566
0.000000,253.269941,-1.900000,30.293127,32.414244
0.000000,253.275939,-1.900000,30.279411,32.359686
0.000000,253.282924,-1.900000,30.292896,32.398616
0.000000,253.288935,-1.900000,30.300797,32.397223
0.000000,253.294933,-1.900000,30.303911,32.370988
0.000000,253.300931,-1.900000,30.309402,32.347711
0.000000,253.319925,-1.900000,30.305216,32.337214
0.000000,253.515583,-1.900000,30.281701,32.331020
0.000000,253.765180,-1.900000,30.290430,32.313588
0.000000,254.003843,-1.900000,30.291281,32.359174
0.000000,254.253801,-1.900000,30.304405,32.371606
0.000000,254.503728,-1.900000,30.280707,32.335120
0.000000,254.753631,-1.900000,30.280983,32.353384
0.000000,255.003566,-1.900000,30.281582,32.365718
0.000000,255.253468,-1.900000,30.270596,32.339678
0.000000,255.503387,-1.900000,30.270934,32.356770
0.000000,255.753305,-1.900000,30.270462,32.324406
0.000000,256.003242,-1.900000,30.270175,32.341134
0.000000,256.254143,-1.900000,30.276844,32.329810
0.000000,256.504570,-1.900000,30.267574,32.322059
0.000000,256.753173,-1.900000,30.259322,32.294645
0.000000,257.003694,-1.900000,30.251193,32.298523
0.000000,257.254643,-1.900000,30.248998,32.311379
0.000000,257.503442,-1.900000,30.247700,32.319797
0.000000,257.754269,-1.900000,30.248853,32.295892
0.000000,258.003853,-1.900000,30.240143,32.320821
0.000000,258.254393,-1.900000,30.242554,32.330745
0.000000,258.504766,-1.900000,30.241078,32.320191
0.000000,258.753430,-1.900000,30.253676,32.304613
0.000000,259.003866,-1.900000,30.265487,32.333697
0.000000,259.254491,-2.000000,30.270301,32.313876
0.000000,261.255915,-2.000000,30.272408,32.314464
0.000000,261.261927,-2.000000,30.268815,32.324705
0.000000,261.267925,-2.000000,30.265179,32.307044
0.000000,261.273923,-2.000000,30.262644,32.305618
0.000000,261.279922,-2.000000,30.268030,32.314732
0.000000,261.285920,-2.000000,30.264513,32.309899
0.000000,261.291917,-2.000000,30.262133,32.358923
0.000000,261.298916,-2.000000,30.268344,32.354431
0.000000,261.504446,-2.000000,30.258905,32.341416
0.000000,261.754913,-2.000000,30.254309,32.330946
0.000000,262.004637,-2.000000,30.264216,32.353329
0.000000,262.253622,-2.000000,30.274256,32.354403
0.000000,262.504637,-2.000000,30.272267,32.349552
0.000000,262.754539,-2.000000,30.264625,32.306230
0.000000,263.004457,-2.000000,30.272378,32.346213
0.000000,263.255376,-2.000000,30.265230,32.350479
0.000000,263.503296,-2.000000,30.275139,32.376250
0.000000,263.754216,-2.000000,30.268032,32.365474
0.000000,264.004134,-2.000000,30.273462,32.371386
0.000000,264.254052,-2.000000,30.259384,32.348589
0.000000,264.503561,-2.000000,30.255864,32.350556
0.000000,264.755011,-2.000000,30.255731,32.355025
0.000000,265.003720,-2.000000,30.248925,32.322252
0.000000,265.254081,-2.000000,30.265440,32.336847
0.000000,265.505813,-2.000000,30.264392,32.318033
0.000000,265.756772,-2.000000,30.248485,32.281279
0.000000,266.004331,-2.000000,30.253883,32.302882
0.000000,266.254159,-2.000000,30.257594,32.291099
0.000000,266.505703,-2.000000,30.250483,32.298624
0.000000,266.755297,-2.000000,30.251321,32.323821
0.000000,267.003830,-2.100000,30.250104,32.312805
0.000000,269.004492,-2.100000,30.261429,32.285452
0.000000,269.011491,-2.100000,30.259363,32.304560
0.000000,269.017501,-2.100000,30.255445,32.268257
0.000000,269.023502,-2.100000,30.261812,32.280483
0.000000,269.029500,-2.100000,30.245863,32.296158
0.000000,269.035496,-2.100000,30.243463,32.292528
0.000000,269.041495,-2.100000,30.255154,32.347903
0.000000,269.049493,-2.100000,30.274904,32.327089
0.000000,269.253814,-2.100000,30.279128,32.290544
0.000000,269.504345,-2.100000,30.275195,32.308212
0.000000,269.752982,-2.100000,30.268126,32.320026
0.000000,270.004575,-2.100000,30.254953,32.295394
0.000000,270.253196,-2.100000,30.256989,32.325455
0.000000,270.503159,-2.100000,30.262672,32.303557
0.000000,270.753076,-2.100000,30.265951,32.295769
0.000000,271.003995,-2.100000,30.262240,32.275378
0.000000,271.253931,-2.100000,30.260653,32.277965
0.000000,271.505833,-2.100000,30.262933,32.269393
0.000000,271.753769,-2.100000,30.248448,32.288486
0.000000,272.003689,-2.100000,30.241525,32.263086
0.000000,272.253990,-2.100000,30.239959,32.269636
0.000000,272.504608,-2.100000,30.238351,32.286884
0.000000,272.753316,-2.100000,30.241405,32.303190
0.000000,273.004787,-2.200000,30.255644,32.293558
0.000000,275.006483,-2.200000,30.244350,32.279359
0.000000,275.012496,-2.200000,30.247518,32.291319
0.000000,275.019481,-2.200000,30.245882,32.273360
0.000000,275.024492,-2.200000,30.258420,32.273455
0.000000,275.030490,-2.200000,30.247847,32.282449
0.000000,275.036488,-2.200000,30.262642,32.294424
0.000000,275.042486,-2.200000,30.266988,32.277212
0.000000,275.049484,-2.200000,30.262879,32.292034
0.000000,275.254172,-2.200000,30.270087,32.285487
0.000000,275.503075,-2.200000,30.273719,32.310097
0.000000,275.753765,-2.200000,30.274029,32.300060
0.000000,276.005194,-2.200000,30.263057,32.273774
0.000000,276.253935,-2.200000,30.254350,32.296165
0.000000,276.505610,-2.200000,30.246414,32.281636
0.000000,276.754201,-2.200000,30.257075,32.298395
0.000000,277.004083,-2.200000,30.261061,32.261047
0.000000,277.254564,-2.200000,30.257534,32.285736
0.000000,277.504274,-2.200000,30.267801,32.314261
0.000000,277.753011,-2.200000,30.270534,32.292915
0.000000,278.002798,-2.200000,30.273120,32.268148
0.000000,278.253449,-2.200000,30.265196,32.270151
0.000000,278.503000,-2.200000,30.266588,32.275804
0.000000,278.753728,-2.200000,30.264516,32.265449
0.000000,279.004321,-2.200000,30.246406,32.275448
0.000000,279.252884,-2.200000,30.245786,32.289224
0.000000,279.503459,-2.200000,30.254138,32.292467
0.000000,279.754435,-2.300000,30.244239,32.290469
0.000000,281.755514,-2.300000,30.240045,32.283068
0.000000,281.761527,-2.300000,30.233630,32.295782
0.000000,281.767512,-2.300000,30.244389,32.304459
0.000000,281.773510,-2.300000,30.244774,32.298010
0.000000,281.778521,-2.300000,30.243236,32.278079
0.000000,281.784519,-2.300000,30.257276,32.277094
0.000000,281.790505,-2.300000,30.249672,32.281152
0.000000,281.797557,-2.300000,30.251601,32.253401
0.000000,282.003847,-2.300000,30.242400,32.256139
0.000000,282.254398,-2.300000,30.251060,32.253665
0.000000,282.503141,-2.300000,30.249847,32.257109
0.000000,282.753831,-2.300000,30.249512,32.228685
0.000000,283.004259,-2.300000,30.244733,32.252239
0.000000,283.252897,-2.300000,30.250607,32.265530
0.000000,283.503455,-2.300000,30.256732,32.280109
0.000000,283.754057,-2.300000,30.262248,32.279676
0.000000,284.004653,-2.300000,30.256189,32.286633
0.000000,284.254561,-2.300000,30.253956,32.270763
0.000000,284.503531,-2.300000,30.260882,32.288204
0.000000,284.753466,-2.300000,30.264340,32.290859
0.000000,285.003810,-2.300000,30.268554,32.296404
0.000000,285.254579,-2.300000,30.267416,32.305143
0.000000,285.503191,-2.300000,30.265499,32.299198
0.000000,285.753893,-2.300000,30.264526,32.269384
0.000000,286.004579,-2.300000,30.254305,32.246859
0.000000,286.253060,-2.300000,30.249424,32.247251
0.000000,286.503660,-2.400000,30.249447,32.264703
0.000000,288.504370,-2.400000,30.252985,32.282294
0.000000,288.510370,-2.400000,30.263384,32.285685
0.000000,288.516370,-2.400000,30.263974,32.290689
0.000000,288.522379,-2.400000,30.262593,32.300584
0.000000,288.528364,-2.400000,30.258617,32.306061
0.000000,288.534383,-2.400000,30.266757,32.280549
0.000000,288.539361,-2.400000,30.257299,32.294011
0.000000,288.547371,-2.400000,30.263314,32.309497
0.000000,288.754022,-2.400000,30.251727,32.317605
0.000000,289.004645,-2.400000,30.248042,32.313012
0.000000,289.253278,-2.400000,30.236766,32.305144
0.000000,289.504933,-2.400000,30.260518,32.306089
0.000000,289.753703,-2.400000,30.259121,32.299482
0.000000,290.005241,-2.400000,30.275984,32.275081
0.000000,290.253970,-2.400000,30.274192,32.284093
0.000000,290.502825,-2.400000,30.253548,32.261043
0.000000,290.753474,-2.400000,30.236319,32.278710
0.000000,291.003429,-2.400000,30.234424,32.249021
0.000000,291.253346,-2.400000,30.231686,32.292399
0.000000,291.503265,-2.400000,30.226722,32.270017
0.000000,291.754574,-2.400000,30.217642,32.256296
0.000000,292.004246,-2.400000,30.229428,32.285795
0.000000,292.253022,-2.500000,30.219219,32.263015
0.000000,294.254312,-2.500000,30.233239,32.266625
0.000000,294.260306,-2.500000,30.229351,32.254377
0.000000,294.266305,-2.500000,30.230159,32.236173
0.000000,294.272302,-2.500000,30.230762,32.242400
0.000000,294.277301,-2.500000,30.236152,32.235988
0.000000,294.283287,-2.500000,30.246769,32.250359
0.000000,294.289297,-2.500000,30.243307,32.257860
0.000000,294.296340,-2.500000,30.239827,32.257208
0.000000,294.504525,-2.500000,30.241247,32.243305
0.000000,294.753074,-2.500000,30.243469,32.280994
0.000000,295.003825,-2.500000,30.242932,32.278908
0.000000,295.256236,-2.500000,30.254097,32.289066
0.000000,295.503982,-2.500000,30.247289,32.289676
0.000000,295.755475,-2.500000,30.245095,32.325570
0.000000,296.003271,-2.500000,30.242038,32.311509
0.000000,296.255077,-2.500000,30.234828,32.309360
0.000000,296.504393,-2.500000,30.217613,32.298566
0.000000,296.753102,-2.600000,30.233040,32.288923
0.000000,298.755938,-2.600000,30.233355,32.274628
0.000000,298.761950,-2.600000,30.231222,32.240253
0.000000,298.778945,-2.600000,30.225109,32.237731
0.000000,298.784949,-2.600000,30.230598,32.253645
0.000000,298.789941,-2.600000,30.225458,32.257758
0.000000,298.795940,-2.600000,30.231934,32.271940
0.000000,298.801926,-2.600000,30.227488,32.259809
0.000000,298.808934,-2.600000,30.238997,32.250968
0.000000,299.003637,-2.600000,30.238896,32.260336
0.000000,299.253374,-2.600000,30.247242,32.255315
0.000000,299.504024,-2.600000,30.248804,32.255325
0.000000,299.752736,-2.600000,30.247302,32.248722
0.000000,300.004313,-2.600000,30.252121,32.267459
0.000000,300.252979,-2.600000,30.251860,32.263744
0.000000,300.502642,-2.600000,30.251884,32.269865
0.000000,300.754071,-2.600000,30.264543,32.270686
0.000000,301.002561,-2.600000,30.268231,32.258949
0.000000,301.254694,-2.600000,30.269330,32.272179
0.000000,301.503502,-2.600000,30.256811,32.253592
0.000000,301.753886,-2.700000,30.259280,32.253051
0.000000,303.754477,-2.700000,30.249815,32.283895
0.000000,303.760475,-2.700000,30.244830,32.278070
0.000000,303.767473,-2.700000,30.244156,32.273387
0.000000,303.772471,-2.700000,30.242090,32.265963
0.000000,303.778470,-2.700000,30.238755,32.265174
0.000000,303.784467,-2.700000,30.239778,32.254560
0.000000,303.790465,-2.700000,30.237756,32.238500
0.000000,303.797463,-2.700000,30.236323,32.235999
0.000000,304.004395,-2.700000,30.232253,32.220045
0.000000,304.254331,-2.700000,30.221685,32.232619
0.000000,304.504387,-2.700000,30.227740,32.251558
0.000000,304.752702,-2.700000,30.232745,32.235828
0.000000,305.003479,-2.700000,30.241018,32.254848
0.000000,305.254141,-2.700000,30.232411,32.239970
0.000000,305.502706,-2.700000,30.246913,32.256538
0.000000,305.754158,-2.700000,30.253712,32.254864
0.000000,306.004203,-2.700000,30.247539,32.240368
0.000000,306.255410,-2.700000,30.255111,32.243406
0.000000,306.505027,-2.800000,30.248562,32.253055
0.000000,308.507911,-2.800000,30.249961,32.257914
0.000000,308.513906,-2.800000,30.248673,32.251786
0.000000,308.519903,-2.800000,30.246417,32.221312
0.000000,308.524901,-2.800000,30.235143,32.243115
0.000000,308.530900,-2.800000,30.233181,32.207974
0.000000,308.536886,-2.800000,30.232608,32.220681
0.000000,308.541897,-2.800000,30.239820,32.193078
0.000000,308.548894,-2.800000,30.235485,32.204725
0.000000,308.753626,-2.800000,30.228574,32.205120
0.000000,309.002550,-2.800000,30.224619,32.227513
0.000000,309.253814,-2.800000,30.240922,32.213541
0.000000,309.502717,-2.800000,30.242453,32.238610
0.000000,309.753336,-2.900000,30.250902,32.223408
0.000000,311.753641,-2.900000,30.249488,32.231506
0.000000,311.760644,-2.900000,30.233342,32.198504
0.000000,311.766662,-2.900000,30.232069,32.176334
0.000000,311.772635,-2.900000,30.245640,32.227806
0.000000,311.778622,-2.900000,30.244755,32.218802
0.000000,311.784620,-2.900000,30.237517,32.234084
0.000000,311.789629,-2.900000,30.251302,32.240201
0.000000,311.796627,-2.900000,30.243707,32.218974
0.000000,312.003361,-2.900000,30.241602,32.235614
0.000000,312.253965,-2.900000,30.248733,32.224818
0.000000,312.502491,-2.900000,30.246404,32.221407
0.000000,312.754353,-2.900000,30.244919,32.230865
0.000000,313.002880,-2.900000,30.248763,32.218055
0.000000,313.253233,-2.900000,30.246254,32.236127
0.000000,313.503709,-2.900000,30.243542,32.204120
0.000000,313.755360,-2.900000,30.249321,32.223611
0.000000,314.003850,-2.900000,30.236056,32.229236
0.000000,314.254718,-2.900000,30.229770,32.227790
0.000000,314.503213,-3.000000,30.220740,32.222218
0.000000,316.504593,-3.000000,30.226955,32.221105
0.000000,316.511589,-3.000000,30.227533,32.267224
0.000000,316.517586,-3.000000,30.239660,32.254998
0.000000,316.523585,-3.000000,30.240240,32.245376
0.000000,316.529583,-3.000000,30.252031,32.242832
0.000000,316.535581,-3.000000,30.255259,32.225744
0.000000,316.541578,-3.000000,30.266612,32.224007
0.000000,316.548577,-3.000000,30.259243,32.223620
0.000000,316.753095,-3.000000,30.259173,32.237865
0.000000,317.001628,-3.000000,30.272237,32.228958
0.000000,317.253388,-3.000000,30.260631,32.221721
0.000000,317.502818,-3.000000,30.261431,32.228580
0.000000,317.752412,-3.000000,30.256666,32.233226
0.000000,318.001904,-3.000000,30.248611,32.239941
0.000000,318.251706,-3.000000,30.254384,32.220116
0.000000,318.501371,-3.000000,30.254253,32.235575
0.000000,318.753049,-3.000000,30.244466,32.202270
0.000000,319.002855,-3.000000,30.240056,32.206484
0.000000,319.252575,-3.000000,30.233928,32.168571
0.000000,319.502348,-3.100000,30.230561,32.177990
0.000000,321.503064,-3.100000,30.263902,32.206498
0.000000,321.509047,-3.100000,30.253441,32.230234
0.000000,321.514044,-3.100000,30.236680,32.242913
0.000000,321.519042,-3.100000,30.239360,32.242290
0.000000,321.525053,-3.100000,30.220849,32.231858
0.000000,321.530052,-3.100000,30.218147,32.212049
0.000000,321.536037,-3.100000,30.226380,32.215872
0.000000,321.543035,-3.100000,30.227225,32.222274
0.000000,321.753635,-3.100000,30.220267,32.217795
0.000000,322.003412,-3.100000,30.218656,32.201058
0.000000,322.253988,-3.100000,30.217335,32.189505
0.000000,322.502765,-3.100000,30.210623,32.161182
0.000000,322.753583,-3.100000,30.216772,32.188676
0.000000,323.002398,-3.100000,30.241865,32.220764
0.000000,323.253235,-3.100000,30.243441,32.211471
0.000000,323.503945,-3.100000,30.245674,32.232739
0.000000,323.752662,-3.100000,30.236892,32.207701
0.000000,324.003609,-3.100000,30.234664,32.204557
0.000000,324.254096,-3.200000,30.236841,32.194811
0.000000,326.256400,-3.200000,30.224583,32.181888
0.000000,326.262413,-3.200000,30.202747,32.171413
0.000000,326.268411,-3.200000,30.190727,32.176609
0.000000,326.274409,-3.200000,30.197319,32.178854
0.000000,326.279407,-3.200000,30.204901,32.181081
0.000000,326.285406,-3.200000,30.200399,32.193964
0.000000,326.291403,-3.200000,30.206396,32.206465
0.000000,326.298401,-3.200000,30.212862,32.212987
0.000000,326.502859,-3.200000,30.209551,32.200358
0.000000,326.753498,-3.200000,30.207806,32.205140
0.000000,327.005252,-3.200000,30.208475,32.189017
0.000000,327.254971,-3.200000,30.201404,32.186663
0.000000,327.504517,-3.200000,30.194637,32.163866
0.000000,327.754193,-3.200000,30.197792,32.171556
0.000000,328.002787,-3.200000,30.199186,32.168916
0.000000,328.253699,-3.200000,30.201111,32.166228
0.000000,328.502504,-3.200000,30.191221,32.158695
0.000000,328.752290,-3.200000,30.201548,32.165117
0.000000,329.001957,-3.200000,30.211461,32.160250
0.000000,329.251726,-3.300000,30.227873,32.151907
0.000000,331.252763,-3.300000,30.210499,32.146011
0.000000,331.258762,-3.300000,30.225813,32.143400
0.000000,331.263762,-3.300000,30.213478,32.159099
0.000000,331.268761,-3.300000,30.206535,32.153237
0.000000,331.273760,-3.300000,30.208122,32.180990
0.000000,331.278769,-3.300000,30.212781,32.159491
0.000000,331.283756,-3.300000,30.208144,32.158626
0.000000,331.291765,-3.300000,30.212295,32.165318
0.000000,331.503245,-3.300000,30.212924,32.153039
0.000000,331.752796,-3.300000,30.204116,32.151884
0.000000,332.003298,-3.300000,30.207879,32.150316
0.000000,332.254950,-3.300000,30.220748,32.174121
0.000000,332.503702,-3.300000,30.223236,32.170614
0.000000,332.755117,-3.300000,30.233707,32.185009
0.000000,333.003736,-3.300000,30.241463,32.210217
0.000000,333.252342,-3.300000,30.221719,32.153989
0.000000,333.503853,-3.300000,30.204097,32.140185
0.000000,333.752527,-3.300000,30.191330,32.153119
0.000000,334.003233,-3.300000,30.210366,32.179026
0.000000,334.254797,-3.300000,30.211012,32.206537
0.000000,334.503449,-3.300000,30.216490,32.189114
0.000000,334.755202,-3.300000,30.225509,32.195433
0.000000,335.003946,-3.300000,30.209868,32.178780
0.000000,335.253633,-3.300000,30.215957,32.149482
0.000000,335.503935,-3.300000,30.229507,32.176351
0.000000,335.753021,-3.300000,30.238770,32.198346
0.000000,336.003699,-3.300000,30.226294,32.188295
0.000000,336.252368,-3.300000,30.229460,32.186296
0.000000,336.503042,-3.300000,30.216098,32.168965
0.000000,336.753682,-3.300000,30.215910,32.170232
0.000000,337.001277,-3.300000,30.204311,32.186830
0.000000,337.253865,-3.300000,30.198134,32.158893
0.000000,337.501381,-3.300000,30.185658,32.128790
0.000000,337.751217,-3.300000,30.173469,32.131896
0.000000,338.002882,-3.300000,30.029878,31.906066
0.000000,338.252562,-3.300000,29.474723,31.133748
0.000000,338.502585,-3.300000,28.682635,30.140519
0.000000,338.752397,-3.300000,27.533564,28.839079
0.000000,339.002743,-3.300000,26.128231,27.271320
0.000000,339.253596,-3.300000,24.587412,25.655418
0.000000,339.504054,-3.300000,22.985666,24.032556
0.000000,339.752674,-3.300000,21.400511,22.423557
0.000000,340.002973,-3.300000,19.851131,20.911438
