0.000000,591.743818,-36.000000,-0.000936,0.513681
0.000000,591.994761,-36.000000,-0.000936,0.508304
0.000000,592.251112,-36.000000,-0.000936,0.506857
0.000000,592.497712,-36.000000,-0.000936,0.519316
0.000000,592.748261,-36.000000,-0.000936,0.521203
0.000000,592.998926,-36.000000,-0.000936,0.513286
0.000000,593.248447,-36.000000,-0.000936,0.509543
0.000000,593.498816,-36.000000,-0.000936,0.533821
0.000000,593.748456,-36.000000,-0.000936,0.532984
0.000000,593.999041,-36.000000,-0.000936,0.525275
0.000000,594.248685,-36.000000,-0.000936,0.553505
0.000000,594.499090,-36.000000,-0.000936,0.545032
0.000000,594.748032,-36.000000,-0.000936,0.536229
0.000000,594.998465,-36.000000,-0.000936,0.526773
0.000000,595.249923,-36.000000,-0.000936,0.572078
0.000000,595.498685,-36.000000,-0.000936,0.591534
0.000000,595.748598,-36.000000,0.017697,0.612720
0.000000,595.997357,-36.000000,0.330732,0.600598
0.000000,596.250020,-36.000000,0.817430,0.700698
0.000000,596.498561,-36.000000,1.361312,0.789471
0.000000,596.749010,-36.000000,2.020157,0.796443
0.000000,596.997724,-36.000000,2.763241,0.837826
0.000000,597.249447,-36.000000,3.583736,1.008418
0.000000,597.497862,-36.000000,4.471782,1.021825
0.000000,597.749698,-36.000000,5.408209,1.072158
0.000000,597.998057,-36.000000,6.396452,1.308646
0.000000,598.249716,-36.000000,7.449440,1.318916
0.000000,598.498594,-36.000000,8.399007,1.362004
0.000000,598.750133,-36.000000,8.960850,1.348582
0.000000,598.998896,-36.000000,9.279772,1.485965
0.000000,599.248250,-36.000000,9.613047,1.753103
0.000000,599.499874,-36.000000,10.378241,1.631837
0.000000,599.749399,-36.000000,11.370684,1.738226
0.000000,599.997938,-36.000000,12.132748,1.898622
0.000000,600.249625,-36.000000,12.608133,1.904329
0.000000,600.499116,-36.000000,12.881735,1.845649
0.000000,600.749959,-36.000000,13.390737,2.040823
0.000000,600.999599,-36.000000,14.369424,2.205465
0.000000,601.249232,-36.000000,15.613092,2.437040
0.000000,601.498841,-36.000000,17.050580,2.448658
0.000000,601.747638,-36.000000,18.548055,2.553036
0.000000,601.999414,-36.000000,20.087425,2.787909
0.000000,602.248883,-36.000000,21.627990,3.058372
0.000000,602.498703,-36.000000,23.216151,3.575909
0.000000,602.748425,-36.000000,24.852655,3.403477
0.000000,603.000002,-36.000000,26.528365,3.728220
0.000000,603.249501,-36.000000,28.228170,3.941042
0.000000,603.499398,-36.000000,29.964838,4.189008
0.000000,603.749051,-36.000000,31.698248,4.422097
0.000000,603.998009,-36.000000,33.033619,4.838079
0.000000,604.249665,-36.000000,33.894644,5.426113
0.000000,604.499189,-36.000000,35.103859,4.888814
0.000000,604.748764,-36.000000,36.587632,4.792880
0.000000,604.998580,-36.000000,37.872935,5.047570
0.000000,605.248292,-36.000000,38.750757,4.837184
0.000000,605.500134,-36.000000,39.957841,5.023944
0.000000,605.749771,-36.000000,41.491270,6.034683
0.000000,605.999355,-36.000000,43.218965,6.768659
0.000000,606.248329,-36.000000,44.982210,6.141825
0.000000,606.499752,-36.000000,46.115171,6.600586
0.000000,606.748414,-36.000000,46.744618,7.305963
0.000000,607.000078,-36.000000,47.004074,6.653161
0.000000,607.249515,-36.000000,47.068634,6.864715
0.000000,607.499043,-36.000000,47.132900,7.023541
0.000000,607.749029,-36.000000,47.173676,6.437622
0.000000,607.998699,-36.000000,47.228079,6.917179
0.000000,608.250040,-36.000000,47.260763,6.572108
0.000000,608.499432,-36.000000,47.290429,7.649679
0.000000,608.748719,-36.000000,47.307792,6.604771
0.000000,608.999451,-36.000000,47.320490,7.638614
0.000000,609.249022,-36.000000,47.317674,7.194705
0.000000,609.498636,-36.000000,47.337051,7.851531
0.000000,609.748379,-36.000000,47.338516,7.655849
0.000000,609.999805,-36.000000,47.372706,8.130288
0.000000,610.249465,-36.000000,47.404409,8.110395
0.000000,610.498998,-36.000000,47.420159,7.605522
0.000000,610.749079,-36.000000,47.401506,7.053103
0.000000,610.998791,-36.000000,47.383482,7.779767
0.000000,611.248534,-36.000000,47.372582,7.061334
0.000000,611.498222,-36.000000,47.352767,6.964863
0.000000,611.750079,-36.000000,47.340216,7.828978
0.000000,611.999816,-36.000000,47.327847,6.721246
0.000000,612.249484,-36.000000,47.304206,6.204443
0.000000,612.499057,-36.000000,47.285037,6.701934
0.000000,612.748735,-36.000000,47.255599,6.100274
0.000000,612.998688,-36.000000,47.260275,6.426249
0.000000,613.248477,-36.000000,47.278096,6.976636
0.000000,613.498282,-36.000000,47.248923,6.204343
0.000000,613.749906,-36.000000,47.252903,5.952532
0.000000,613.999720,-36.000000,47.518792,6.001723
0.000000,614.249345,-36.000000,48.350552,5.665486
0.000000,614.499123,-36.000000,49.032645,6.755882
0.000000,614.748992,-36.000000,49.515947,6.879877
0.000000,614.998900,-36.000000,49.747244,5.947025
0.000000,615.248841,-36.000000,50.175087,6.122512
0.000000,615.498438,-36.000000,50.843129,7.209530
0.000000,615.750074,-36.000000,51.261490,6.797875
0.000000,615.999574,-36.000000,51.603749,6.583807
0.000000,616.248299,-36.000000,51.804997,7.130648
0.000000,616.499836,-36.000000,51.898808,7.612143
0.000000,616.749650,-36.000000,51.967813,6.907539
0.000000,616.999319,-36.000000,51.979031,6.852781
0.000000,617.248994,-36.000000,51.996400,6.761141
0.000000,617.498809,-36.000000,51.994931,7.085456
0.000000,617.748397,-36.000000,51.986608,7.926726
0.000000,617.998230,-36.000000,51.982890,7.707575
0.000000,618.249772,-36.000000,51.965525,7.143129
0.000000,618.499239,-36.000000,51.961596,7.034382
0.000000,618.748789,-36.000000,51.970657,7.172061
0.000000,618.998538,-36.000000,51.984963,6.802167
0.000000,619.248130,-36.000000,51.957556,6.686604
0.000000,619.499788,-36.000000,51.934973,7.532896
0.000000,619.749836,-36.000000,51.953588,7.549902
0.000000,619.999422,-36.000000,51.938152,6.618003
0.000000,620.249004,-36.000000,51.968325,6.374885
0.000000,620.498720,-36.000000,51.944487,6.891907
0.000000,620.748454,-36.000000,51.949275,8.232495
0.000000,620.998163,-36.000000,51.904812,7.571294
0.000000,621.248875,-36.000000,51.923376,7.877189
0.000000,621.498677,-36.000000,51.932595,7.456680
0.000000,621.748419,-36.000000,51.930669,6.796812
0.000000,622.000052,-36.000000,51.939167,7.558349
0.000000,622.249469,-36.000000,51.927213,6.514241
0.000000,622.498954,-36.000000,51.913756,6.424380
0.000000,622.748643,-36.000000,51.839495,6.553836
0.000000,622.998260,-36.000000,51.825012,7.362413
0.000000,623.249761,-36.000000,51.789042,6.578271
0.000000,623.499643,-36.000000,51.749844,7.943044
0.000000,623.749194,-36.000000,51.713907,8.570853
0.000000,623.998774,-36.000000,51.351126,8.199104
0.000000,624.248481,-36.000000,50.505126,6.764289
0.000000,624.498044,-36.000000,49.912587,6.156001
0.000000,624.749513,-36.000000,49.498655,6.541766
0.000000,624.999053,-36.000000,49.261704,7.019823
0.000000,625.248568,-36.000000,49.143212,6.795013
0.000000,625.498351,-36.000000,49.139456,7.379738
0.000000,625.748017,-36.000000,49.088869,6.868625
0.000000,625.999530,-36.000000,49.087295,6.803771
0.000000,626.249053,-36.000000,49.027797,5.832700
0.000000,626.498654,-36.000000,49.020636,5.739933
0.000000,626.748304,-36.000000,48.955084,5.901330
0.000000,626.999829,-36.000000,48.947126,5.972066
0.000000,627.249382,-36.000000,48.885396,5.440175
0.000000,627.499070,-36.000000,48.834321,6.050404
0.000000,627.748727,-36.000000,48.834669,7.693337
0.000000,627.998601,-36.000000,48.822500,6.521275
0.000000,628.249267,-36.000000,48.802042,7.316020
0.000000,628.499109,-36.000000,48.830635,7.446642
0.000000,628.748619,-36.000000,48.810928,7.437417
0.000000,628.998613,-36.000000,48.805973,6.194927
0.000000,629.248408,-36.000000,48.774695,6.710578
0.000000,629.499971,-36.000000,48.753452,5.738877
0.000000,629.749739,-36.000000,48.765994,5.971622
0.000000,629.999252,-36.000000,48.771314,6.875547
0.000000,630.248868,-36.000000,48.794483,8.037547
0.000000,630.498601,-36.000000,48.771218,6.194139
0.000000,630.748445,-36.000000,48.751383,6.462118
0.000000,630.999249,-36.000000,48.733604,7.839632
0.000000,631.249925,-36.000000,48.739363,7.186998
0.000000,631.499560,-36.000000,48.725761,7.674129
0.000000,631.748960,-36.000000,48.772978,6.712867
0.000000,631.998385,-36.000000,48.792100,5.950566
0.000000,632.250903,-36.000000,48.824859,6.189093
0.000000,632.498749,-36.000000,48.855462,8.048672
0.000000,632.748577,-36.000000,48.915001,6.627951
0.000000,632.998424,-36.000000,48.891087,7.575482
0.000000,633.249836,-36.000000,48.907812,6.978775
0.000000,633.500610,-36.000000,48.932658,6.795437
0.000000,633.748087,-36.000000,48.959544,7.689868
0.000000,633.999856,-36.000000,48.981050,7.974573
0.000000,634.250448,-36.000000,48.958399,7.209170
0.000000,634.498418,-36.000000,48.968021,7.125752
0.000000,634.747931,-36.000000,48.964290,6.464616
0.000000,634.999639,-36.000000,48.937372,6.581901
0.000000,635.249360,-36.000000,48.911281,5.687745
0.000000,635.498102,-36.000000,48.932653,6.935543
0.000000,635.749534,-36.000000,48.963030,6.902186
0.000000,635.999084,-36.000000,48.969924,6.702570
0.000000,636.249689,-36.000000,48.990100,7.477767
0.000000,636.498275,-36.000000,49.002813,6.940518
0.000000,636.748215,-36.000000,49.021065,6.849461
0.000000,637.000849,-36.000000,48.994588,5.432152
0.000000,637.249790,-36.000000,48.985731,6.706924
0.000000,637.500481,-36.000000,48.988865,7.774296
0.000000,637.748474,-36.000000,49.002433,7.996301
0.000000,637.998143,-36.000000,49.012793,8.616660
0.000000,638.249803,-36.000000,49.012486,6.519980
0.000000,638.500385,-36.000000,49.042459,7.655255
0.000000,638.748946,-36.000000,49.091054,7.223748
0.000000,638.999642,-36.000000,49.272889,7.176500
0.000000,639.250414,-36.000000,49.424596,7.454329
0.000000,639.499282,-36.000000,49.557172,6.522602
0.000000,639.750124,-36.000000,49.639411,6.860395
0.000000,639.999702,-36.000000,49.713484,8.233944
0.000000,640.251500,-36.000000,49.729190,6.384971
0.000000,640.500044,-36.000000,49.758997,5.933828
0.000000,640.750849,-36.000000,49.777669,5.900095
0.000000,640.999671,-36.000000,49.787839,7.416002
0.000000,641.250519,-36.000000,49.783302,7.680742
0.000000,641.499112,-36.000000,49.804667,6.109299
0.000000,641.749782,-36.000000,49.836035,6.802190
0.000000,642.000290,-36.000000,49.851920,6.861046
0.000000,642.250824,-36.000000,49.839785,6.232750
0.000000,642.499468,-36.000000,49.834136,6.638333
0.000000,642.749256,-36.000000,49.795565,6.106074
0.000000,642.999902,-36.000000,49.821097,5.874859
0.000000,643.249722,-36.000000,49.823853,7.439590
0.000000,643.500406,-36.000000,49.852536,6.204047
0.000000,643.748025,-36.000000,49.883281,6.863385
0.000000,643.999658,-36.000000,49.883367,6.291537
0.000000,644.249372,-36.000000,49.856245,6.461357
0.000000,644.500290,-36.000000,49.847359,6.759662
0.000000,644.749871,-36.000000,49.831276,7.274409
0.000000,645.000402,-36.000000,49.853197,6.654946
0.000000,645.250744,-36.000000,49.867847,6.026602
0.000000,645.498433,-36.000000,49.907248,6.686037
0.000000,645.748044,-36.000000,49.935297,6.408773
0.000000,645.998917,-36.000000,49.932072,6.400070
0.000000,646.249677,-36.000000,49.927439,7.889487
0.000000,646.499345,-36.000000,49.922968,6.806990
0.000000,646.748794,-36.000000,49.945713,8.192480
0.000000,646.998772,-36.000000,49.933877,8.456148
0.000000,647.248599,-36.000000,49.921388,7.692260
0.000000,647.498276,-35.900000,49.922021,7.179932
0.000000,649.500097,-35.900000,49.939056,6.784934
0.000000,649.506078,-35.900000,49.959204,7.426772
0.000000,649.511096,-35.900000,49.948701,6.930592
0.000000,649.516089,-35.900000,49.925673,8.009117
0.000000,649.521091,-35.900000,49.922339,6.672823
0.000000,649.526085,-35.900000,49.916347,6.188789
0.000000,649.531085,-35.900000,49.894074,5.831382
0.000000,649.538068,-35.900000,49.857615,5.545460
0.000000,649.749466,-35.900000,49.882494,8.754006
0.000000,649.998874,-35.900000,49.865524,8.314332
0.000000,650.249586,-35.900000,49.863530,7.509053
0.000000,650.500134,-35.900000,49.846060,6.926932
0.000000,650.747891,-35.900000,49.843518,6.472464
0.000000,650.999578,-35.900000,49.834561,5.924232
0.000000,651.249002,-35.900000,49.863881,5.733504
0.000000,651.498670,-35.900000,49.871678,5.855801
0.000000,651.748370,-35.900000,49.898944,6.064990
0.000000,651.998006,-35.900000,49.893782,6.027577
0.000000,652.250517,-35.900000,49.881528,5.720859
0.000000,652.499116,-35.800000,49.895416,7.984037
0.000000,654.501079,-35.800000,49.946758,10.979412
0.000000,654.507074,-35.800000,49.944849,10.303150
0.000000,654.512077,-35.800000,49.949322,10.142131
0.000000,654.517070,-35.800000,49.938793,10.490472
0.000000,654.523069,-35.800000,49.950719,12.871121
0.000000,654.528072,-35.800000,49.948059,9.705788
0.000000,654.532065,-35.800000,49.907015,9.566618
0.000000,654.538064,-35.800000,49.892624,8.965280
0.000000,654.749705,-35.800000,49.913803,7.935605
0.000000,654.999373,-35.800000,49.908041,8.310596
0.000000,655.248958,-35.800000,49.957466,8.515692
0.000000,655.498593,-35.800000,49.939135,8.063015
0.000000,655.748243,-35.800000,49.954456,8.562867
0.000000,655.997781,-35.800000,49.923335,8.834318
0.000000,656.249641,-35.800000,49.916010,9.586679
0.000000,656.499186,-35.800000,49.910605,8.081043
0.000000,656.749020,-35.800000,49.916866,9.091393
0.000000,656.998793,-35.800000,49.941474,10.847242
0.000000,657.248549,-35.800000,49.960183,11.917562
0.000000,657.498417,-35.800000,49.945540,10.766183
0.000000,657.748206,-35.800000,49.993439,10.689566
0.000000,657.999657,-35.800000,50.040430,14.423994
0.000000,658.249443,-35.800000,49.981347,16.281654
0.000000,658.499129,-35.800000,49.980848,18.830770
0.000000,658.748730,-35.700000,50.001255,18.213181
0.000000,660.749682,-35.700000,50.023026,14.120064
0.000000,660.754677,-35.700000,49.999281,14.158933
0.000000,660.759675,-35.700000,49.978670,15.092125
0.000000,660.764674,-35.700000,49.960200,13.133832
0.000000,660.769673,-35.700000,49.991131,14.893604
0.000000,660.773658,-35.700000,49.991950,15.501340
0.000000,660.778669,-35.700000,49.990656,14.984974
0.000000,660.784654,-35.700000,50.008528,18.454881
0.000000,660.998472,-35.700000,49.972141,14.943001
0.000000,661.247950,-35.700000,49.968843,14.065750
0.000000,661.497722,-35.700000,49.987648,19.321057
0.000000,661.749453,-35.700000,49.973265,16.602832
0.000000,661.999161,-35.700000,49.981925,17.337965
0.000000,662.248551,-35.700000,50.007933,18.234684
0.000000,662.498336,-35.700000,50.041300,17.680065
0.000000,662.748116,-35.700000,50.004930,13.677059
0.000000,662.997834,-35.700000,49.991852,12.318805
0.000000,663.249430,-35.700000,49.970850,14.353391
0.000000,663.499152,-35.700000,49.989585,15.710856
0.000000,663.748827,-35.700000,49.991413,14.409711
0.000000,663.997784,-35.700000,49.984852,17.739604
0.000000,664.249251,-35.700000,49.973534,17.484094
0.000000,664.498981,-35.700000,49.977471,17.634712
0.000000,664.748774,-35.700000,49.958287,14.516107
0.000000,664.998550,-35.600000,49.939299,17.924112
0.000000,666.999672,-35.600000,49.932955,15.156201
0.000000,667.004666,-35.600000,49.895111,15.814566
0.000000,667.009652,-35.600000,49.934619,15.994341
0.000000,667.014662,-35.600000,49.959087,14.619650
0.000000,667.018649,-35.600000,49.957775,15.991766
0.000000,667.023661,-35.600000,49.943294,15.797991
0.000000,667.028646,-35.600000,50.018549,20.957945
0.000000,667.034644,-35.600000,50.008131,19.479848
0.000000,667.248222,-35.600000,50.007765,16.489160
0.000000,667.497846,-35.600000,49.988416,14.183164
0.000000,667.749497,-35.600000,49.992317,15.963532
0.000000,667.999299,-35.600000,49.975358,15.499876
0.000000,668.249070,-35.600000,49.984261,15.710372
0.000000,668.498345,-35.600000,49.986639,14.906923
0.000000,668.747712,-35.600000,49.994431,17.355349
0.000000,668.999317,-35.600000,50.006698,16.266156
0.000000,669.248866,-35.600000,50.058208,18.919171
0.000000,669.498892,-35.600000,50.061638,18.905142
0.000000,669.748653,-35.600000,50.070806,20.464590
0.000000,669.998658,-35.600000,50.062268,20.961943
0.000000,670.248156,-35.600000,50.018383,19.518529
0.000000,670.499592,-35.600000,50.020305,20.564797
0.000000,670.749322,-35.600000,50.024884,21.917084
0.000000,670.998859,-35.600000,50.029662,20.929698
0.000000,671.248505,-35.600000,50.046063,22.738163
0.000000,671.498586,-35.600000,50.074586,25.630598
0.000000,671.748256,-35.600000,50.016111,19.785488
0.000000,671.997911,-35.600000,50.042413,21.994029
0.000000,672.249469,-35.600000,50.033593,18.728174
0.000000,672.499338,-35.600000,50.057731,22.055228
0.000000,672.749171,-35.600000,50.047134,19.699281
0.000000,672.998481,-35.600000,50.047816,20.128991
0.000000,673.248374,-35.600000,50.001255,16.508295
0.000000,673.498213,-35.600000,49.993416,17.426848
0.000000,673.747889,-35.600000,49.957131,17.929567
0.000000,673.999511,-35.600000,49.954898,16.605805
0.000000,674.249099,-35.600000,49.970565,19.979895
0.000000,674.498679,-35.600000,49.999335,22.421830
0.000000,674.748580,-35.600000,50.034265,22.889165
0.000000,674.998304,-35.500000,50.052925,17.893733
0.000000,676.999753,-35.500000,50.009787,17.104088
0.000000,677.004751,-35.500000,49.996255,19.114787
0.000000,677.009748,-35.500000,49.968287,19.044044
0.000000,677.014748,-35.500000,49.968816,20.889030
0.000000,677.019746,-35.500000,50.038981,21.928812
0.000000,677.023746,-35.500000,50.065149,22.000490
0.000000,677.028743,-35.500000,50.060408,22.494233
0.000000,677.035741,-35.500000,50.021380,18.087620
0.000000,677.248672,-35.500000,50.056344,19.850521
0.000000,677.498590,-35.500000,50.013543,18.734419
0.000000,677.749510,-35.500000,50.018978,19.737202
0.000000,677.998429,-35.500000,50.016045,23.516162
0.000000,678.249347,-35.500000,50.002982,20.401224
0.000000,678.498267,-35.500000,50.016224,18.808164
0.000000,678.749186,-35.500000,50.023717,19.852107
0.000000,678.998105,-35.500000,50.006645,19.441697
0.000000,679.249023,-35.500000,50.010286,18.113119
0.000000,679.497942,-35.500000,49.990990,18.787828
0.000000,679.748861,-35.500000,50.013039,18.385442
0.000000,679.997780,-35.500000,50.034809,20.730778
0.000000,680.249064,-35.500000,50.029052,18.967839
0.000000,680.498571,-35.500000,50.021717,22.446651
0.000000,680.748210,-35.500000,50.012235,21.525721
0.000000,680.997844,-35.500000,50.015979,21.938495
0.000000,681.249349,-35.500000,50.021930,21.348421
0.000000,681.499293,-35.500000,50.038934,21.978265
0.000000,681.748800,-35.500000,50.031360,21.856623
0.000000,681.998434,-35.500000,50.039109,22.075312
0.000000,682.248190,-35.500000,50.015998,21.422411
0.000000,682.497555,-35.500000,50.018257,22.069512
0.000000,682.749290,-35.500000,50.035873,23.077457
0.000000,682.998831,-35.500000,50.065565,23.230748
0.000000,683.248810,-35.500000,50.054887,21.696845
0.000000,683.498662,-35.500000,50.059951,21.949983
0.000000,683.748377,-35.500000,50.047394,20.581930
0.000000,683.998188,-35.500000,50.066862,22.551106
0.000000,684.247853,-35.500000,50.062413,23.474858
0.000000,684.497551,-35.500000,50.072178,21.995965
0.000000,684.749158,-35.500000,50.052733,23.925161
0.000000,684.998816,-35.500000,50.040108,22.757379
0.000000,685.248477,-35.400000,50.056052,26.719511
0.000000,687.261757,-35.400000,50.084101,23.883052
0.000000,687.266753,-35.400000,50.075475,24.640861
0.000000,687.271738,-35.400000,50.061666,25.962643
0.000000,687.276750,-35.400000,50.056073,24.852300
0.000000,687.281753,-35.400000,50.055433,24.338147
0.000000,687.285734,-35.400000,50.043087,22.146220
0.000000,687.290745,-35.400000,50.053767,20.377760
0.000000,687.296730,-35.400000,50.082149,25.275497
0.000000,687.498480,-35.400000,50.083681,27.511772
0.000000,687.747944,-35.400000,50.072954,26.563178
0.000000,687.997486,-35.400000,50.025976,23.595418
0.000000,688.249135,-35.400000,50.018583,22.488839
0.000000,688.498693,-35.400000,50.007867,24.422253
0.000000,688.748507,-35.400000,49.979340,23.702105
0.000000,688.998189,-35.400000,49.984948,20.916685
0.000000,689.247772,-35.400000,49.960482,21.601315
0.000000,689.497590,-35.400000,50.004480,24.415183
0.000000,689.749239,-35.400000,50.012451,23.614836
0.000000,689.998914,-35.400000,50.018067,21.939753
0.000000,690.248518,-35.400000,50.028926,24.898585
0.000000,690.498159,-35.400000,50.029154,27.118311
0.000000,690.747795,-35.400000,50.044711,26.036766
0.000000,690.997458,-35.400000,50.071813,27.986999
0.000000,691.249064,-35.300000,50.106344,27.392806
0.000000,693.249219,-35.300000,50.107059,28.422944
0.000000,693.254214,-35.300000,50.079865,25.810877
0.000000,693.259212,-35.300000,50.092785,27.098521
0.000000,693.264198,-35.300000,50.084681,28.159809
0.000000,693.268209,-35.300000,50.091524,28.901112
0.000000,693.274208,-35.300000,50.105711,29.711245
0.000000,693.278206,-35.300000,50.094894,27.148637
0.000000,693.285205,-35.300000,50.067594,26.018213
0.000000,693.498810,-35.300000,50.070145,25.945441
0.000000,693.748712,-35.300000,50.053974,25.716987
0.000000,693.998631,-35.300000,50.036388,26.474293
0.000000,694.248264,-35.300000,50.059574,27.250042
0.000000,694.499099,-35.300000,50.047812,26.481224
0.000000,694.748662,-35.300000,50.076672,24.669255
0.000000,694.998589,-35.300000,50.062453,25.811835
0.000000,695.248613,-35.300000,50.042098,26.519707
0.000000,695.498405,-35.300000,50.011408,25.426245
0.000000,695.748111,-35.300000,49.983736,24.623154
0.000000,695.997801,-35.300000,50.009686,23.060599
0.000000,696.247549,-35.300000,50.015354,28.055431
0.000000,696.499258,-35.300000,50.070384,32.030646
0.000000,696.748723,-35.300000,50.066423,27.921432
0.000000,696.998308,-35.300000,50.067830,28.560660
0.000000,697.248480,-35.300000,50.080319,26.156293
0.000000,697.498211,-35.300000,50.072314,27.178702
0.000000,697.749003,-35.300000,50.056766,27.604239
0.000000,697.998852,-35.300000,50.092463,28.578219
0.000000,698.248434,-35.200000,50.091289,28.941041
0.000000,700.250966,-35.200000,50.095346,27.818408
0.000000,700.256960,-35.200000,50.078214,28.985248
0.000000,700.261945,-35.200000,50.080752,27.555845
0.000000,700.266957,-35.200000,50.070452,27.785366
0.000000,700.270957,-35.200000,50.068219,31.414054
0.000000,700.275955,-35.200000,50.063571,30.592059
0.000000,700.280947,-35.200000,50.053424,28.671650
0.000000,700.286951,-35.200000,50.024669,26.987022
0.000000,700.498469,-35.200000,50.009520,29.175506
0.000000,700.748220,-35.200000,50.005610,30.290030
0.000000,700.998038,-35.200000,50.024496,31.167571
0.000000,701.247569,-35.200000,50.011879,28.307114
0.000000,701.499005,-35.200000,50.007127,26.761715
0.000000,701.748707,-35.200000,50.050593,27.476432
0.000000,701.998355,-35.200000,50.050382,26.644003
0.000000,702.248034,-35.200000,50.091076,29.369834
0.000000,702.498974,-35.200000,50.078862,28.384898
0.000000,702.747910,-35.200000,50.093751,29.130345
0.000000,702.998813,-35.200000,50.054772,28.017693
0.000000,703.247748,-35.200000,50.057773,26.878650
0.000000,703.499287,-35.200000,50.056107,28.963264
0.000000,703.748953,-35.200000,50.030987,27.304724
0.000000,703.998557,-35.200000,50.033621,26.864070
0.000000,704.248345,-35.200000,50.025584,28.208324
0.000000,704.498062,-35.200000,50.026141,30.302581
0.000000,704.747701,-35.200000,50.051886,28.821823
0.000000,704.997458,-35.200000,50.036648,29.914878
0.000000,705.248874,-35.200000,50.025255,29.280754
0.000000,705.498712,-35.200000,50.076819,31.602674
0.000000,705.748386,-35.200000,50.113458,29.251617
0.000000,705.998128,-35.200000,50.122523,30.455354
0.000000,706.247662,-35.100000,50.107347,31.633710
0.000000,708.248620,-35.100000,50.089950,30.324265
0.000000,708.253632,-35.100000,50.073297,31.173433
0.000000,708.272626,-35.100000,50.055465,29.625588
0.000000,708.277612,-35.100000,50.079197,30.683824
0.000000,708.281624,-35.100000,50.090767,31.535381
0.000000,708.286610,-35.100000,50.028798,30.715000
0.000000,708.291620,-35.100000,50.001796,31.247206
0.000000,708.297606,-35.100000,49.976742,28.456387
0.000000,708.498913,-35.100000,49.980658,29.269368
0.000000,708.748586,-35.100000,49.988589,29.706813
0.000000,708.998469,-35.100000,49.996515,27.726752
0.000000,709.248198,-35.100000,50.034792,32.599968
0.000000,709.499142,-35.100000,50.006751,28.500730
0.000000,709.748062,-35.100000,49.967822,29.702080
0.000000,709.998979,-35.100000,49.998130,30.843954
0.000000,710.247900,-35.100000,50.020831,30.868171
0.000000,710.498817,-35.100000,50.007225,31.406159
0.000000,710.747736,-35.100000,50.015147,28.634462
0.000000,710.998654,-35.100000,50.015738,29.177384
0.000000,711.247573,-35.100000,50.019596,30.266181
0.000000,711.497199,-35.100000,50.003324,31.978295
0.000000,711.749044,-35.100000,49.990909,31.162977
0.000000,711.998794,-35.100000,49.965808,30.601748
0.000000,712.248262,-35.100000,49.985577,31.006960
0.000000,712.497920,-35.100000,49.967013,29.182877
0.000000,712.747478,-35.100000,49.982889,30.482767
0.000000,712.998901,-35.100000,49.996005,29.966153
0.000000,713.249713,-35.100000,50.008001,30.577543
0.000000,713.497477,-35.100000,49.996076,31.361742
0.000000,713.749114,-35.100000,49.982443,32.013610
0.000000,713.998877,-35.100000,50.044659,35.499317
0.000000,714.247625,-35.100000,50.040848,32.780841
0.000000,714.497230,-35.100000,50.046020,32.164429
0.000000,714.749014,-35.000000,50.091917,31.800302
0.000000,716.749126,-35.000000,50.021320,30.332336
0.000000,716.754121,-35.000000,49.992631,30.441104
0.000000,716.759106,-35.000000,49.988945,31.292304
0.000000,716.764118,-35.000000,49.960256,31.003063
0.000000,716.769103,-35.000000,49.992846,33.100189
0.000000,716.773114,-35.000000,50.004384,31.224878
0.000000,716.778100,-35.000000,50.001103,29.908353
0.000000,716.784111,-35.000000,50.029660,32.290857
0.000000,716.997675,-35.000000,50.006643,30.142321
0.000000,717.247379,-35.000000,50.018086,32.650986
0.000000,717.498302,-35.000000,49.976187,32.503939
0.000000,717.747211,-35.000000,49.951022,31.893036
0.000000,717.998141,-35.000000,49.967525,30.594291
0.000000,718.249058,-35.000000,49.946099,32.278897
0.000000,718.497977,-35.000000,49.955793,30.790760
0.000000,718.760883,-35.000000,49.934084,31.344376
0.000000,718.997816,-35.000000,49.978017,33.008113
0.000000,719.248717,-35.000000,49.987068,31.301919
0.000000,719.497636,-35.000000,50.012393,32.632064
0.000000,719.748573,-35.000000,50.026036,32.497931
0.000000,719.999102,-35.000000,49.990493,31.650645
0.000000,720.248723,-35.000000,49.990112,33.005014
0.000000,720.498345,-35.000000,49.972608,31.937810
0.000000,720.747880,-35.000000,49.984711,34.844565
0.000000,720.997504,-35.000000,49.965277,33.241176
0.000000,721.248993,-34.900000,49.982953,33.551828
0.000000,723.249444,-34.900000,49.969257,32.538238
0.000000,723.254457,-34.900000,49.977943,32.864772
0.000000,723.259456,-34.900000,49.975116,33.642491
0.000000,723.264454,-34.900000,50.001442,31.915040
0.000000,723.269453,-34.900000,49.989376,31.843222
0.000000,723.274438,-34.900000,50.018344,32.874204
0.000000,723.278450,-34.900000,49.996822,33.349231
0.000000,723.284447,-34.900000,49.989069,34.012131
0.000000,723.498132,-34.900000,49.984960,32.658226
0.000000,723.747683,-34.900000,49.989069,33.206869
0.000000,723.997401,-34.900000,49.984069,32.957562
0.000000,724.247898,-34.900000,49.968963,32.409312
0.000000,724.497310,-34.900000,49.974664,32.226981
0.000000,724.749134,-34.900000,49.994762,32.101503
0.000000,724.998978,-34.900000,49.977887,32.379794
0.000000,725.248306,-34.900000,49.941498,32.658826
0.000000,725.497881,-34.900000,49.926430,32.589790
0.000000,725.747454,-34.900000,49.950139,32.553229
0.000000,725.998433,-34.900000,49.958238,33.134154
0.000000,726.247334,-34.900000,49.971394,32.589446
0.000000,726.498709,-34.900000,49.990830,34.381341
0.000000,726.748636,-34.900000,49.992761,35.430147
0.000000,726.998051,-34.900000,49.963619,34.100708
0.000000,727.248119,-34.800000,49.953349,35.018941
0.000000,729.249328,-34.800000,49.945691,34.741026
0.000000,729.254323,-34.800000,49.949949,34.177128
0.000000,729.259322,-34.800000,49.946922,34.315566
0.000000,729.264320,-34.800000,49.966371,35.763227
0.000000,729.269318,-34.800000,49.973340,33.699962
0.000000,729.274317,-34.800000,49.981454,36.000789
0.000000,729.279307,-34.800000,49.973274,33.929216
0.000000,729.285314,-34.800000,49.967444,34.240071
0.000000,729.497057,-34.800000,49.975901,34.804423
0.000000,729.748957,-34.800000,49.978619,33.712804
0.000000,729.998812,-34.800000,50.008191,35.453868
0.000000,730.248393,-34.800000,50.000922,36.726026
0.000000,730.497864,-34.800000,50.008985,34.844684
0.000000,730.747312,-34.800000,49.977689,33.051153
0.000000,730.998917,-34.800000,49.998266,34.290116
0.000000,731.248510,-34.800000,49.997840,32.854698
0.000000,731.498229,-34.800000,49.971030,33.075327
0.000000,731.748138,-34.800000,49.963927,33.966195
0.000000,731.997992,-34.800000,49.954543,34.726079
0.000000,732.247668,-34.800000,49.963048,35.033184
0.000000,732.497190,-34.800000,49.984003,34.102394
0.000000,732.748747,-34.800000,49.986317,36.284460
0.000000,732.998226,-34.700000,50.000197,35.884155
0.000000,734.999757,-34.700000,50.010339,34.978832
0.000000,735.005745,-34.700000,50.015972,35.992682
0.000000,735.009749,-34.700000,50.004565,36.366457
0.000000,735.014746,-34.700000,49.986921,36.668513
0.000000,735.024743,-34.700000,49.982599,35.255517
0.000000,735.028745,-34.700000,49.981946,35.109833
0.000000,735.033741,-34.700000,49.978243,35.472253
0.000000,735.040726,-34.700000,49.952349,35.718653
0.000000,735.248305,-34.700000,49.951067,35.479166
0.000000,735.498133,-34.700000,49.936048,34.362210
0.000000,735.747533,-34.700000,49.946641,35.217979
0.000000,735.997139,-34.700000,49.947225,34.000496
0.000000,736.246979,-34.700000,49.926373,35.284517
0.000000,736.497501,-34.700000,49.940037,34.900643
0.000000,736.747064,-34.700000,49.926865,36.898012
0.000000,736.997001,-34.700000,49.917081,33.745918
0.000000,737.247442,-34.700000,49.914984,35.068473
0.000000,737.496971,-34.700000,49.929005,34.196025
0.000000,737.748486,-34.700000,49.928604,35.568744
0.000000,737.998240,-34.700000,49.911028,37.732283
0.000000,738.247836,-34.700000,49.901423,37.741406
0.000000,738.498638,-34.700000,49.906013,37.748283
0.000000,738.748305,-34.600000,49.935107,37.872177
0.000000,740.749434,-34.600000,49.932535,37.733754
0.000000,740.754429,-34.600000,49.924406,36.982068
0.000000,740.759427,-34.600000,49.923525,36.918891
0.000000,740.764425,-34.600000,49.960569,36.218659
0.000000,740.769411,-34.600000,49.972772,36.694461
0.000000,740.774409,-34.600000,49.929542,35.721040
0.000000,740.778420,-34.600000,49.917192,37.051538
0.000000,740.784419,-34.600000,49.913432,37.245850
0.000000,740.997897,-34.600000,49.900646,37.440520
0.000000,741.247700,-34.600000,49.933544,37.344317
0.000000,741.497106,-34.600000,49.927879,35.931787
0.000000,741.748873,-34.600000,49.943113,37.055698
0.000000,741.998702,-34.600000,49.948328,36.965026
0.000000,742.248586,-34.600000,49.950732,35.887057
0.000000,742.497407,-34.600000,49.975795,36.183795
0.000000,742.747290,-34.600000,49.977141,36.897369
0.000000,742.998850,-34.600000,49.984694,37.069003
0.000000,743.248467,-34.600000,49.975763,36.528080
0.000000,743.498126,-34.600000,49.971697,36.794073
0.000000,743.747572,-34.600000,49.936671,37.091650
0.000000,743.997066,-34.600000,49.944177,38.111076
0.000000,744.247036,-34.600000,49.953394,37.879220
0.000000,744.498659,-34.600000,49.964008,38.137153
0.000000,744.748347,-34.600000,49.975396,38.599303
0.000000,744.998068,-34.600000,49.983504,38.339047
0.000000,745.247687,-34.600000,49.956630,38.221279
0.000000,745.497330,-34.600000,49.978777,38.331665
0.000000,745.748879,-34.600000,49.972096,38.055050
0.000000,745.998765,-34.600000,49.987294,36.851700
0.000000,746.248487,-34.600000,50.001645,37.031314
0.000000,746.498358,-34.600000,49.973903,37.424433
0.000000,746.747832,-34.600000,49.999868,38.363729
0.000000,746.997446,-34.500000,50.003129,38.472251
0.000000,748.999856,-34.500000,49.963359,38.417837
0.000000,749.004851,-34.500000,49.986012,38.744023
0.000000,749.009837,-34.500000,49.964349,37.787258
0.000000,749.013848,-34.500000,49.993281,39.378493
0.000000,749.018834,-34.500000,49.995056,37.536419
0.000000,749.023845,-34.500000,50.012647,38.014325
0.000000,749.028830,-34.500000,49.969238,37.566114
0.000000,749.034841,-34.500000,49.973758,38.138125
0.000000,749.248653,-34.500000,49.961060,37.057676
0.000000,749.498285,-34.500000,49.943081,38.154184
0.000000,749.748133,-34.500000,49.951491,38.004358
0.000000,749.997038,-34.500000,49.934327,37.153256
0.000000,750.247958,-34.500000,49.971040,37.655135
0.000000,750.498876,-34.500000,49.974624,39.833371
0.000000,750.747795,-34.500000,49.967506,38.134331
0.000000,750.998713,-34.500000,49.970601,39.222634
0.000000,751.248633,-34.500000,49.964443,37.852566
0.000000,751.497570,-34.500000,49.989792,38.411908
0.000000,751.748470,-34.500000,49.987938,38.507547
0.000000,751.997392,-34.500000,49.973047,39.047678
0.000000,752.246872,-34.500000,49.978514,39.539195
0.000000,752.498473,-34.500000,49.972017,38.739066
0.000000,752.748069,-34.500000,49.956474,38.680940
0.000000,752.997851,-34.500000,49.982902,37.698065
0.000000,753.247521,-34.500000,49.995649,38.807933
0.000000,753.498248,-34.500000,49.988708,38.707028
0.000000,753.747972,-34.500000,49.990323,37.582829
0.000000,753.997570,-34.500000,49.997025,38.314710
0.000000,754.247132,-34.500000,49.982582,39.031835
0.000000,754.501949,-34.500000,49.965546,37.703528
0.000000,754.747757,-34.500000,49.983352,38.393552
0.000000,754.997373,-34.500000,49.989570,38.244264
0.000000,755.248688,-34.400000,49.984773,38.262393
0.000000,757.250555,-34.400000,49.999160,39.236383
0.000000,757.255568,-34.400000,49.992469,38.129791
0.000000,757.260566,-34.400000,50.012892,38.587270
0.000000,757.265564,-34.400000,50.017619,38.749662
0.000000,757.269563,-34.400000,50.012387,37.790200
0.000000,757.274562,-34.400000,50.003742,38.948406
0.000000,757.279547,-34.400000,49.973939,37.619266
0.000000,757.285558,-34.400000,49.954921,38.598038
0.000000,757.496978,-34.400000,49.938155,38.682407
0.000000,757.748661,-34.400000,49.933821,38.866966
0.000000,757.998349,-34.400000,49.970699,38.414596
0.000000,758.247255,-34.400000,50.005998,38.506003
0.000000,758.498175,-34.400000,49.975705,38.752503
0.000000,758.747110,-34.400000,49.982721,39.693810
0.000000,758.998029,-34.400000,49.963445,39.675611
0.000000,759.246949,-34.400000,49.981601,38.613691
0.000000,759.496850,-34.400000,49.962540,38.731268
0.000000,759.747786,-34.400000,49.965524,39.225046
0.000000,759.998704,-34.400000,49.973184,37.590191
0.000000,760.248624,-34.400000,49.967979,38.577379
0.000000,760.498034,-34.400000,49.972032,39.660267
0.000000,760.747619,-34.400000,49.959415,39.286551
0.000000,760.997402,-34.300000,49.909029,38.659144
0.000000,762.998467,-34.300000,49.912790,40.533072
0.000000,763.003462,-34.300000,49.921661,38.374649
0.000000,763.008461,-34.300000,49.893166,37.991820
0.000000,763.013459,-34.300000,49.918988,39.342124
0.000000,763.017445,-34.300000,49.933471,40.008107
0.000000,763.022456,-34.300000,49.926629,39.706822
0.000000,763.027442,-34.300000,49.952129,38.329345
0.000000,763.033484,-34.300000,49.918532,40.159428
0.000000,763.247054,-34.300000,49.925573,38.387340
0.000000,763.496779,-34.300000,49.917384,39.340352
0.000000,763.748327,-34.300000,49.917348,39.045669
0.000000,763.997946,-34.300000,49.928457,40.093902
0.000000,764.247856,-34.300000,49.946466,39.712949
0.000000,764.497386,-34.300000,49.932273,38.901177
0.000000,764.746899,-34.300000,49.913415,38.716236
0.000000,764.998511,-34.300000,49.908332,38.753623
0.000000,765.248045,-34.300000,49.898750,40.554417
0.000000,765.497456,-34.300000,49.914780,39.023112
0.000000,765.747108,-34.300000,49.928224,38.658446
0.000000,765.998705,-34.300000,49.903319,39.166002
0.000000,766.248323,-34.300000,49.899507,39.577629
0.000000,766.498066,-34.300000,49.909306,39.904533
0.000000,766.747628,-34.300000,49.920763,40.067203
0.000000,766.996971,-34.200000,49.953180,40.253491
0.000000,768.997269,-34.200000,49.916228,40.051265
0.000000,769.002282,-34.200000,49.913205,39.815588
0.000000,769.007280,-34.200000,49.931891,39.424810
0.000000,769.012278,-34.200000,49.930346,38.721850
0.000000,769.017270,-34.200000,49.919939,40.193428
0.000000,769.021262,-34.200000,49.917879,40.305749
0.000000,769.026273,-34.200000,49.928482,40.752234
0.000000,769.032272,-34.200000,49.913965,40.734496
0.000000,769.247849,-34.200000,49.908513,39.798567
0.000000,769.497633,-34.200000,49.885553,39.742923
0.000000,769.747526,-34.200000,49.869685,39.746614
0.000000,769.997066,-34.200000,49.866910,39.066847
0.000000,770.247024,-34.200000,49.885446,39.260459
0.000000,770.496746,-34.200000,49.912996,39.353936
0.000000,770.748384,-34.200000,49.928655,40.336954
0.000000,770.998115,-34.200000,49.912246,40.836644
0.000000,771.248171,-34.200000,49.907231,40.051300
0.000000,771.497987,-34.200000,49.908129,40.410228
0.000000,771.747664,-34.200000,49.896704,39.803186
0.000000,771.997322,-34.200000,49.896956,40.230269
0.000000,772.248081,-34.200000,49.886660,40.242924
0.000000,772.497702,-34.200000,49.912653,40.122564
0.000000,772.747348,-34.200000,49.922444,40.374081
0.000000,772.997858,-34.200000,49.898599,40.550266
0.000000,773.247344,-34.200000,49.909609,40.571037
0.000000,773.497069,-34.200000,49.910725,40.353425
0.000000,773.746886,-34.200000,49.892743,40.114703
0.000000,773.996886,-34.200000,49.891233,40.174064
0.000000,774.248550,-34.200000,49.897221,40.918095
0.000000,774.498299,-34.200000,49.877206,41.018664
0.000000,774.748282,-34.200000,49.907523,40.428148
0.000000,774.997917,-34.200000,49.900051,40.175795
0.000000,775.247437,-34.200000,49.905367,40.214646
0.000000,775.497116,-34.200000,49.921893,41.371434
0.000000,775.747106,-34.200000,49.938804,41.422326
0.000000,775.996843,-34.200000,49.947176,40.635799
0.000000,776.248345,-34.200000,49.944821,40.040437
0.000000,776.498104,-34.200000,49.926016,40.069807
0.000000,776.747592,-34.100000,49.920801,38.904962
0.000000,778.749018,-34.100000,49.916365,40.240264
0.000000,778.754003,-34.100000,49.940222,41.290138
0.000000,778.759018,-34.100000,49.935485,40.281147
0.000000,778.764000,-34.100000,49.951937,39.453177
0.000000,778.769015,-34.100000,49.948612,40.742670
0.000000,778.773997,-34.100000,49.904833,39.893995
0.000000,778.778994,-34.100000,49.898208,40.405551
0.000000,778.784993,-34.100000,49.898016,39.859283
0.000000,778.997924,-34.100000,49.916416,39.342685
0.000000,779.246860,-34.100000,49.932959,40.138898
0.000000,779.497761,-34.100000,49.913152,39.918090
0.000000,779.746698,-34.100000,49.906826,40.746570
0.000000,779.997617,-34.100000,49.894153,41.428215
0.000000,780.248518,-34.100000,49.882528,40.965078
0.000000,780.497455,-34.100000,49.899040,40.237232
0.000000,780.748356,-34.100000,49.920590,40.293100
0.000000,780.997275,-34.100000,49.895642,40.516905
0.000000,781.248193,-34.100000,49.885043,40.343892
0.000000,781.497130,-34.100000,49.873092,39.760463
0.000000,781.748049,-34.100000,49.874894,40.512087
0.000000,781.997313,-34.100000,49.876072,40.268027
0.000000,782.247197,-34.100000,49.888162,40.633901
0.000000,782.496889,-34.100000,49.876603,39.811030
0.000000,782.748411,-34.100000,49.830845,40.329244
0.000000,782.998312,-34.100000,49.822772,40.110541
0.000000,783.248057,-34.100000,49.844494,40.864754
0.000000,783.497861,-34.100000,49.853692,40.753637
0.000000,783.747421,-34.100000,49.875419,41.029689
0.000000,783.996942,-34.100000,49.865658,40.889816
0.000000,784.246686,-34.100000,49.889885,40.693484
0.000000,784.497108,-34.100000,49.880485,40.448254
0.000000,784.747723,-34.100000,49.881728,41.660300
0.000000,784.997350,-34.100000,49.898249,41.762538
0.000000,785.247007,-34.100000,49.904661,41.054417
0.000000,785.496645,-34.000000,49.885698,41.497898
0.000000,787.498751,-34.000000,49.914481,41.259705
0.000000,787.503747,-34.000000,49.898929,41.274837
0.000000,787.508745,-34.000000,49.926624,41.233605
0.000000,787.513742,-34.000000,49.912941,39.541382
0.000000,787.518742,-34.000000,49.871277,40.710423
0.000000,787.523733,-34.000000,49.859089,40.529445
0.000000,787.527738,-34.000000,49.849424,40.599053
0.000000,787.533737,-34.000000,49.814270,41.641489
0.000000,787.747276,-34.000000,49.786886,40.247192
0.000000,787.998250,-34.000000,49.812215,40.049110
0.000000,788.247169,-34.000000,49.831696,40.268873
0.000000,788.498105,-34.000000,49.802583,40.473124
0.000000,788.747007,-34.000000,49.800392,40.472174
0.000000,788.997925,-34.000000,49.834478,39.763581
0.000000,789.246845,-34.000000,49.841278,41.565972
0.000000,789.497781,-34.000000,49.838716,41.268888
0.000000,789.746700,-34.000000,49.865906,40.962787
0.000000,789.997618,-34.000000,49.879346,40.707465
0.000000,790.246521,-34.000000,49.871253,41.342196
0.000000,790.497439,-34.000000,49.839962,41.331990
0.000000,790.746766,-34.000000,49.848487,41.818889
0.000000,790.999318,-34.000000,49.831634,41.733994
0.000000,791.247015,-34.000000,49.833038,41.053299
0.000000,791.496739,-34.000000,49.841820,41.845619
0.000000,791.746535,-34.000000,49.852881,41.587173
0.000000,791.998119,-34.000000,49.853841,41.969396
0.000000,792.247669,-34.000000,49.857310,41.462238
0.000000,792.497048,-34.000000,49.859140,41.813861
0.000000,792.746724,-34.000000,49.850529,42.652525
0.000000,792.996445,-34.000000,49.832867,41.715025
0.000000,793.247950,-34.000000,49.849955,41.394528
0.000000,793.497744,-34.000000,49.863822,41.279385
0.000000,793.747407,-34.000000,49.888130,41.268255
0.000000,793.997099,-34.000000,49.886351,41.326671
0.000000,794.246960,-33.900000,49.899324,41.499617
0.000000,796.247844,-33.900000,49.886445,42.162896
0.000000,796.252825,-33.900000,49.891860,42.543559
0.000000,796.257836,-33.900000,49.893496,41.499590
0.000000,796.262834,-33.900000,49.915481,41.925728
0.000000,796.267834,-33.900000,49.885722,41.496106
0.000000,796.272820,-33.900000,49.878523,41.949704
0.000000,796.276817,-33.900000,49.893417,41.633354
0.000000,796.282815,-33.900000,49.886063,41.320977
0.000000,796.496595,-33.900000,49.906446,41.799962
0.000000,796.747620,-33.900000,49.888910,41.456085
0.000000,796.996539,-33.900000,49.903490,41.681384
0.000000,797.247458,-33.900000,49.897246,42.203901
0.000000,797.498394,-33.900000,49.907683,42.052825
0.000000,797.747296,-33.900000,49.912717,41.582237
0.000000,797.998231,-33.900000,49.926025,42.202746
0.000000,798.247133,-33.900000,49.932834,41.398300
0.000000,798.498069,-33.900000,49.899326,42.250916
0.000000,798.746989,-33.900000,49.876298,42.601747
0.000000,798.997907,-33.900000,49.867832,41.864804
0.000000,799.246826,-33.900000,49.845028,41.764131
0.000000,799.498457,-33.900000,49.833910,41.804091
0.000000,799.747971,-33.900000,49.849138,42.433550
0.000000,799.997340,-33.900000,49.834488,41.773447
0.000000,800.246778,-33.900000,49.817420,42.760844
0.000000,800.496506,-33.900000,49.820477,41.149392
0.000000,800.746337,-33.900000,49.814854,41.992383
0.000000,800.998389,-33.900000,49.829565,42.104402
0.000000,801.248075,-33.900000,49.854931,42.482823
0.000000,801.497706,-33.900000,49.884245,41.722554
0.000000,801.747284,-33.900000,49.882633,42.534054
0.000000,801.996853,-33.900000,49.888964,41.564744
0.000000,802.246326,-33.900000,49.878753,42.378060
0.000000,802.498008,-33.900000,49.868954,42.076115
0.000000,802.747634,-33.900000,49.895128,42.193274
0.000000,802.997365,-33.900000,49.869843,41.965277
0.000000,803.246878,-33.900000,49.877232,41.813334
0.000000,803.496758,-33.900000,49.881515,42.403026
0.000000,803.746483,-33.800000,49.846738,41.448806
0.000000,805.747233,-33.800000,49.845309,41.946066
0.000000,805.752236,-33.800000,49.843995,41.742174
0.000000,805.757234,-33.800000,49.813540,42.001527
0.000000,805.762214,-33.800000,49.827330,42.536531
0.000000,805.766212,-33.800000,49.851022,41.154747
0.000000,805.771213,-33.800000,49.866339,41.951584
0.000000,805.776228,-33.800000,49.846800,42.231720
0.000000,805.782226,-33.800000,49.868346,42.244722
0.000000,805.997156,-33.800000,49.872484,42.215802
0.000000,806.248075,-33.800000,49.863487,42.505934
0.000000,806.496994,-33.800000,49.845307,41.836697
0.000000,806.747912,-33.800000,49.852587,42.024451
0.000000,806.996831,-33.800000,49.881432,42.023292
0.000000,807.247733,-33.800000,49.860078,42.117822
0.000000,807.496669,-33.800000,49.864282,42.010979
0.000000,807.747571,-33.800000,49.871522,42.141436
0.000000,807.996507,-33.800000,49.877755,41.618191
0.000000,808.247427,-33.800000,49.868167,42.153789
0.000000,808.496345,-33.800000,49.863033,41.964246
0.000000,808.747247,-33.800000,49.834429,43.044936
0.000000,808.996644,-33.800000,49.804530,42.719445
0.000000,809.248049,-33.800000,49.842317,43.333795
0.000000,809.497834,-33.800000,49.867983,42.366146
0.000000,809.747450,-33.800000,49.873646,43.121427
0.000000,809.997035,-33.800000,49.846843,42.939618
0.000000,810.247808,-33.800000,49.822586,42.699007
0.000000,810.497372,-33.800000,49.807222,41.484598
0.000000,810.746279,-33.800000,49.833703,41.850612
0.000000,810.998116,-33.800000,49.823292,41.496354
0.000000,811.247811,-33.800000,49.822558,42.185481
0.000000,811.497298,-33.800000,49.818894,42.559975
0.000000,811.746768,-33.800000,49.804502,43.065262
0.000000,811.996667,-33.800000,49.815677,42.531130
0.000000,812.248137,-33.800000,49.806081,42.850435
0.000000,812.496689,-33.800000,49.809641,42.351409
0.000000,812.746643,-33.700000,49.848895,42.048793
0.000000,814.747202,-33.700000,49.876394,42.000872
0.000000,814.752198,-33.700000,49.860016,43.000263
0.000000,814.757183,-33.700000,49.833947,42.436396
0.000000,814.762194,-33.700000,49.865884,43.312671
0.000000,814.767180,-33.700000,49.879730,42.858759
0.000000,814.775180,-33.700000,49.831722,42.651715
0.000000,814.781193,-33.700000,49.835504,42.752756
0.000000,814.788179,-33.700000,49.827577,42.866095
0.000000,814.997106,-33.700000,49.855234,43.066660
0.000000,815.248024,-33.700000,49.841687,42.254032
0.000000,815.496945,-33.700000,49.869781,42.428492
0.000000,815.747862,-33.700000,49.855187,42.416029
0.000000,815.996781,-33.700000,49.856917,42.437717
0.000000,816.247701,-33.700000,49.847009,42.463257
0.000000,816.497619,-33.700000,49.838985,41.860503
0.000000,816.746539,-33.700000,49.857060,42.644251
0.000000,816.997457,-33.700000,49.877983,42.901094
0.000000,817.246377,-33.700000,49.873900,42.938207
0.000000,817.497295,-33.700000,49.855273,42.605040
0.000000,817.748214,-33.700000,49.861567,43.105670
0.000000,817.997483,-33.700000,49.837519,43.051921
0.000000,818.247930,-33.700000,49.803372,42.954051
0.000000,818.497397,-33.700000,49.789755,43.444935
0.000000,818.747200,-33.700000,49.776010,43.006788
0.000000,818.996590,-33.700000,49.740689,42.715393
0.000000,819.248088,-33.700000,49.777300,43.112288
0.000000,819.497618,-33.700000,49.812538,43.940361
0.000000,819.747061,-33.700000,49.816518,43.332717
0.000000,819.996608,-33.700000,49.819739,43.164752
0.000000,820.247306,-33.700000,49.802700,43.456249
0.000000,820.498137,-33.700000,49.795456,42.430281
0.000000,820.747721,-33.700000,49.781075,42.370923
0.000000,820.997555,-33.600000,49.771801,42.789436
0.000000,822.998179,-33.600000,49.774864,42.523912
0.000000,823.003173,-33.600000,49.757610,43.137156
0.000000,823.008160,-33.600000,49.780506,42.894477
0.000000,823.013170,-33.600000,49.803856,43.614572
0.000000,823.018157,-33.600000,49.821383,43.554209
0.000000,823.023173,-33.600000,49.813290,43.494047
0.000000,823.027153,-33.600000,49.830666,43.291634
0.000000,823.033206,-33.600000,49.806697,43.411430
0.000000,823.246885,-33.600000,49.799270,43.311144
0.000000,823.496662,-33.600000,49.798148,43.228855
0.000000,823.746415,-33.600000,49.773781,42.712544
0.000000,823.997384,-33.600000,49.770903,43.420236
0.000000,824.246302,-33.600000,49.770353,43.205161
0.000000,824.497222,-33.600000,49.750185,42.547067
0.000000,824.746158,-33.600000,49.759769,42.792047
0.000000,824.997076,-33.600000,49.782669,43.357158
0.000000,825.247994,-33.600000,49.805639,42.838854
0.000000,825.496914,-33.600000,49.796719,42.714631
0.000000,825.747816,-33.600000,49.794240,43.069888
0.000000,825.996753,-33.600000,49.778332,43.131042
0.000000,826.246810,-33.600000,49.761533,43.480276
0.000000,826.496838,-33.600000,49.755454,43.975267
0.000000,826.746808,-33.600000,49.780502,43.685605
0.000000,826.996711,-33.600000,49.786502,43.261644
0.000000,827.246410,-33.600000,49.779572,43.315712
0.000000,827.498044,-33.600000,49.813785,43.797489
0.000000,827.747730,-33.600000,49.813563,43.868077
0.000000,827.997323,-33.600000,49.805831,43.808508
0.000000,828.246950,-33.600000,49.814869,42.946982
0.000000,828.496628,-33.600000,49.820044,43.211468
0.000000,828.746495,-33.600000,49.830960,43.799099
0.000000,828.996453,-33.600000,49.822625,43.476469
0.000000,829.246113,-33.600000,49.814839,44.295910
0.000000,829.497854,-33.500000,49.799646,43.572566
0.000000,831.498461,-33.500000,49.785457,43.392770
0.000000,831.503455,-33.500000,49.814498,43.985014
0.000000,831.508453,-33.500000,49.796715,44.139128
0.000000,831.513452,-33.500000,49.818700,44.090227
0.000000,831.517451,-33.500000,49.785728,43.945417
0.000000,831.522449,-33.500000,49.768309,43.590951
0.000000,831.527448,-33.500000,49.765268,43.502282
0.000000,831.533445,-33.500000,49.801023,43.821280
0.000000,831.748918,-33.500000,49.787538,44.056031
0.000000,831.996510,-33.500000,49.809588,44.350492
0.000000,832.247425,-33.500000,49.791525,43.772010
0.000000,832.496361,-33.500000,49.779004,43.719747
0.000000,832.747282,-33.500000,49.775086,43.998612
0.000000,832.997182,-33.500000,49.763738,43.140653
0.000000,833.247118,-33.500000,49.769075,43.239144
0.000000,833.498037,-33.500000,49.745341,43.516096
0.000000,833.746956,-33.500000,49.748756,43.659980
0.000000,833.997875,-33.500000,49.775459,43.810988
0.000000,834.246793,-33.500000,49.758406,43.458457
0.000000,834.497713,-33.500000,49.752171,43.745231
0.000000,834.747086,-33.500000,49.742658,43.918912
0.000000,834.996873,-33.500000,49.721603,43.892067
0.000000,835.246632,-33.500000,49.714497,43.476588
0.000000,835.496174,-33.400000,49.720495,44.126769
0.000000,837.497137,-33.400000,49.737355,43.874906
0.000000,837.502132,-33.400000,49.754146,44.056648
0.000000,837.507130,-33.400000,49.788157,44.134545
0.000000,837.512129,-33.400000,49.787389,44.041449
0.000000,837.517127,-33.400000,49.777035,43.852604
0.000000,837.522125,-33.400000,49.805575,43.449305
0.000000,837.526124,-33.400000,49.805812,43.847371
0.000000,837.532122,-33.400000,49.800228,43.688282
0.000000,837.747674,-33.400000,49.797658,44.034050
0.000000,837.997443,-33.400000,49.783087,44.213920
0.000000,838.246919,-33.400000,49.796280,44.048144
0.000000,838.496548,-33.400000,49.793402,44.577640
0.000000,838.746324,-33.400000,49.795977,44.342288
0.000000,838.997907,-33.400000,49.785267,44.272249
0.000000,839.247561,-33.400000,49.822362,44.476008
0.000000,839.496958,-33.400000,49.822620,44.015175
0.000000,839.746458,-33.400000,49.830261,43.807108
0.000000,839.996136,-33.400000,49.808869,44.387008
0.000000,840.264366,-33.400000,49.810697,44.065184
0.000000,840.496024,-33.400000,49.756343,44.634004
0.000000,840.746726,-33.400000,49.719576,44.883393
0.000000,840.996338,-33.400000,49.725235,44.714760
0.000000,841.246147,-33.400000,49.744838,44.748014
0.000000,841.497576,-33.300000,49.724706,44.245029
0.000000,843.499545,-33.300000,49.733660,44.595323
0.000000,843.504539,-33.300000,49.738084,44.626573
0.000000,843.509538,-33.300000,49.686728,44.845646
0.000000,843.514542,-33.300000,49.692837,44.712552
0.000000,843.518535,-33.300000,49.698417,44.308931
0.000000,843.523533,-33.300000,49.722283,44.345351
0.000000,843.528519,-33.300000,49.709050,44.878138
0.000000,843.534530,-33.300000,49.716300,45.019009
0.000000,843.746040,-33.300000,49.721652,44.789797
0.000000,843.997646,-33.300000,49.710765,44.567022
0.000000,844.247061,-33.300000,49.716953,44.834129
0.000000,844.496885,-33.300000,49.716180,44.686346
0.000000,844.746682,-33.300000,49.691000,44.437694
0.000000,844.996061,-33.300000,49.673763,44.871278
0.000000,845.247921,-33.300000,49.687293,44.965266
0.000000,845.497556,-33.300000,49.675807,44.636758
0.000000,845.746985,-33.300000,49.685742,44.062816
0.000000,845.996656,-33.300000,49.701181,45.026955
0.000000,846.246197,-33.300000,49.703898,44.643380
0.000000,846.496877,-33.300000,49.673070,44.849745
0.000000,846.746626,-33.300000,49.699637,44.903710
0.000000,846.996164,-33.300000,49.724655,44.727483
0.000000,847.247708,-33.300000,49.731126,44.922135
0.000000,847.497432,-33.300000,49.725600,44.981453
0.000000,847.747321,-33.200000,49.695275,45.244048
0.000000,849.748716,-33.200000,49.685849,45.037821
0.000000,849.754728,-33.200000,49.681662,44.671250
0.000000,849.767724,-33.200000,49.724768,44.973169
0.000000,849.773710,-33.200000,49.727737,44.838212
0.000000,849.778720,-33.200000,49.763312,44.580246
0.000000,849.784719,-33.200000,49.762350,44.671547
0.000000,849.790706,-33.200000,49.735838,45.027434
0.000000,849.798701,-33.200000,49.767998,45.399629
0.000000,849.997369,-33.200000,49.768857,44.980211
0.000000,850.247836,-33.200000,49.735725,44.878457
0.000000,850.497418,-33.200000,49.733477,44.807263
0.000000,850.748153,-33.200000,49.726694,44.993233
0.000000,850.996910,-33.200000,49.744085,45.028581
0.000000,851.247713,-33.200000,49.744782,44.989581
0.000000,851.499387,-33.200000,49.719463,44.922946
0.000000,851.749189,-33.200000,49.734281,44.982160
0.000000,851.997700,-33.200000,49.738441,45.005690
0.000000,852.248389,-33.200000,49.704408,45.058820
0.000000,852.497187,-33.200000,49.708472,45.500904
0.000000,852.747179,-33.200000,49.722377,44.974687
0.000000,852.997868,-33.200000,49.707057,44.959254
0.000000,853.248640,-33.200000,49.723416,45.247437
0.000000,853.496269,-33.100000,49.704436,45.682596
0.000000,855.497354,-33.100000,49.699229,45.467288
0.000000,855.503335,-33.100000,49.693660,45.580414
0.000000,855.509334,-33.100000,49.662533,45.342132
0.000000,855.514345,-33.100000,49.699398,45.042975
0.000000,855.520330,-33.100000,49.716641,45.344964
0.000000,855.525341,-33.100000,49.729552,45.314607
0.000000,855.531326,-33.100000,49.720734,45.501826
0.000000,855.538367,-33.100000,49.717249,45.273536
0.000000,855.747906,-33.100000,49.727023,45.200893
0.000000,855.998506,-33.100000,49.746960,45.457259
0.000000,856.248262,-33.100000,49.742594,45.308875
0.000000,856.497072,-33.100000,49.737956,45.122579
0.000000,856.747709,-33.100000,49.709459,45.069735
0.000000,856.998204,-33.100000,49.705072,44.888685
0.000000,857.247042,-33.100000,49.710677,44.714381
0.000000,857.497803,-33.100000,49.719572,45.239499
0.000000,857.748600,-33.100000,49.726432,45.268235
0.000000,857.997139,-33.100000,49.749475,45.557692
0.000000,858.247717,-33.100000,49.734375,45.519899
0.000000,858.498314,-33.100000,49.713966,45.203060
0.000000,858.747854,-33.000000,49.669393,45.566063
0.000000,860.748518,-33.000000,49.650910,45.774754
0.000000,860.754530,-33.000000,49.660924,45.639162
0.000000,860.760528,-33.000000,49.659730,45.388569
0.000000,860.766526,-33.000000,49.690806,45.984883
0.000000,860.772516,-33.000000,49.670523,45.887834
0.000000,860.777510,-33.000000,49.677402,45.438783
0.000000,860.783520,-33.000000,49.684174,45.944228
0.000000,860.791505,-33.000000,49.680890,45.854336
0.000000,860.997913,-33.000000,49.688400,45.501757
0.000000,861.248630,-33.000000,49.679390,45.946078
0.000000,861.497579,-33.000000,49.707004,45.727505
0.000000,861.748327,-33.000000,49.702461,45.567552
0.000000,861.996803,-33.000000,49.737026,45.483489
0.000000,862.247605,-33.000000,49.750808,45.490187
0.000000,862.498263,-33.000000,49.742312,45.485759
0.000000,862.747014,-33.000000,49.746247,45.546086
0.000000,862.997754,-33.000000,49.780926,45.830484
0.000000,863.248449,-33.000000,49.776253,45.630679
0.000000,863.496946,-33.000000,49.761447,45.452832
0.000000,863.758449,-33.000000,49.739580,45.450960
0.000000,863.997755,-33.000000,49.688340,46.155196
0.000000,864.247845,-33.000000,49.682090,46.401211
0.000000,864.498489,-33.000000,49.668861,46.365371
0.000000,864.747333,-33.000000,49.677944,46.181741
0.000000,864.997851,-33.000000,49.662247,46.008614
0.000000,865.248240,-33.000000,49.671125,46.122311
