0.000000,2894.974446,0.000000,10.270338,6.345593
0.000000,2895.223219,0.000000,10.274314,6.342101
0.000000,2895.479158,0.000000,10.278965,6.450890
0.000000,2895.727936,0.000000,10.279308,6.501436
0.000000,2895.978323,0.000000,10.282576,6.588565
0.000000,2896.229095,0.000000,10.286503,6.703040
0.000000,2896.479103,0.000000,10.295719,6.391399
0.000000,2896.727713,0.000000,10.299514,6.528981
0.000000,2896.978591,0.000000,10.304699,6.231700
0.000000,2897.227355,0.000000,10.306925,6.571140
0.000000,2897.478106,0.000000,10.309955,6.493544
0.000000,2897.728790,0.000000,10.307006,6.161194
0.000000,2897.977598,0.000000,10.315464,6.196821
0.000000,2898.229225,0.000000,10.314079,6.380798
0.000000,2898.477902,0.000000,10.322392,6.290143
0.000000,2898.728728,0.000000,10.324416,6.243556
0.000000,2898.977115,0.000000,10.328420,6.292416
0.000000,2899.227594,0.000000,10.328558,6.419029
0.000000,2899.479370,0.000000,10.331258,6.584533
0.000000,2899.728298,0.000000,10.330187,6.645965
0.000000,2899.977824,0.000000,10.329675,6.571770
0.000000,2900.228646,0.000000,10.332236,6.638065
0.000000,2900.477321,0.000000,10.330283,6.594323
0.000000,2900.728355,0.000000,10.334091,6.565229
0.000000,2900.977118,0.000000,10.343723,6.607502
0.000000,2901.228826,0.000000,10.339695,6.578103
0.000000,2901.477591,0.000000,10.341401,6.542918
0.000000,2901.728208,0.000000,10.336571,6.337579
0.000000,2901.977651,-0.100000,10.338184,6.462962
0.000000,2903.978709,-0.100000,10.333715,6.513289
0.000000,2903.984722,-0.100000,10.336643,6.481640
0.000000,2903.989707,-0.100000,10.340662,6.082845
0.000000,2903.994719,-0.100000,10.345989,6.564292
0.000000,2903.998704,-0.100000,10.339853,6.586388
0.000000,2904.002716,-0.100000,10.342982,6.603536
0.000000,2904.007714,-0.100000,10.346032,6.629099
0.000000,2904.013699,-0.100000,10.343354,6.428855
0.000000,2904.228673,-0.100000,10.349629,6.289462
0.000000,2904.478591,-0.100000,10.349328,6.628002
0.000000,2904.728510,-0.100000,10.349445,6.820577
0.000000,2904.978446,-0.100000,10.356663,6.726563
0.000000,2905.228348,-0.100000,10.351607,6.803447
0.000000,2905.478267,-0.100000,10.354420,6.558635
0.000000,2905.728194,-0.100000,10.355246,6.552950
0.000000,2905.979105,-0.100000,10.357581,6.318557
0.000000,2906.227024,-0.100000,10.358236,6.481765
0.000000,2906.479942,-0.100000,10.362238,6.526784
0.000000,2906.728860,-0.100000,10.362597,6.502217
0.000000,2906.979780,-0.100000,10.358243,6.900898
0.000000,2907.229287,-0.100000,10.357903,7.362063
0.000000,2907.479260,-0.100000,10.366174,7.490961
0.000000,2907.728040,-0.100000,10.367122,7.521818
0.000000,2907.979470,-0.100000,10.366857,7.480380
0.000000,2908.228005,-0.100000,10.370797,7.705074
0.000000,2908.479647,-0.100000,10.369042,7.564783
0.000000,2908.728467,-0.100000,10.370421,7.379990
0.000000,2908.979154,-0.100000,10.370998,7.677026
0.000000,2909.229095,-0.100000,10.373200,7.438735
0.000000,2909.478729,-0.100000,10.375787,7.617822
0.000000,2909.728239,-0.100000,10.374005,7.581835
0.000000,2909.979760,-0.100000,10.375702,7.672231
0.000000,2910.229483,-0.100000,10.371984,7.647187
0.000000,2910.479247,-0.100000,10.378577,7.641415
0.000000,2910.729910,-0.100000,10.375360,7.438331
0.000000,2910.979620,-0.100000,10.378301,7.510500
0.000000,2911.229367,-0.100000,10.381270,7.736831
0.000000,2911.479300,-0.100000,10.382139,7.564810
0.000000,2911.727986,-0.100000,10.377394,7.283824
0.000000,2911.978725,-0.100000,10.381620,7.180978
0.000000,2912.228306,-0.100000,10.385507,7.290141
0.000000,2912.479914,-0.100000,10.385253,7.711124
0.000000,2912.729621,-0.100000,10.392452,7.770194
0.000000,2912.979354,-0.100000,10.396008,7.888419
0.000000,2913.229871,-0.100000,10.397081,7.648681
0.000000,2913.479405,-0.100000,10.388621,7.445548
0.000000,2913.728034,-0.100000,10.390565,7.422799
0.000000,2913.979773,-0.100000,10.389340,7.539756
0.000000,2914.229425,-0.100000,10.394923,7.246542
0.000000,2914.478938,-0.100000,10.400375,7.581044
0.000000,2914.728255,-0.200000,10.398684,7.339649
0.000000,2916.728690,-0.200000,10.397532,7.165524
0.000000,2916.733685,-0.200000,10.395280,7.638061
0.000000,2916.738683,-0.200000,10.406421,7.597424
0.000000,2916.743679,-0.200000,10.398955,7.257109
0.000000,2916.747680,-0.200000,10.402325,7.442578
0.000000,2916.752678,-0.200000,10.404199,7.285387
0.000000,2916.756664,-0.200000,10.393321,7.602290
0.000000,2916.763662,-0.200000,10.399021,7.292521
0.000000,2916.979365,-0.200000,10.392548,7.400667
0.000000,2917.229279,-0.200000,10.394774,7.435305
0.000000,2917.478779,-0.200000,10.402503,7.518542
0.000000,2917.728450,-0.200000,10.405668,7.323001
0.000000,2917.978056,-0.200000,10.403941,7.317095
0.000000,2918.229081,-0.200000,10.410310,7.434079
0.000000,2918.478017,-0.200000,10.403834,7.372746
0.000000,2918.728936,-0.200000,10.401984,7.295090
0.000000,2918.979837,-0.200000,10.402494,7.483176
0.000000,2919.228758,-0.200000,10.405053,7.241155
0.000000,2919.479675,-0.200000,10.404366,7.433802
0.000000,2919.728594,-0.200000,10.402217,7.369725
0.000000,2919.979530,-0.200000,10.401186,7.506561
0.000000,2920.228431,-0.200000,10.403051,7.401060
0.000000,2920.478634,-0.200000,10.405363,7.243310
0.000000,2920.728622,-0.200000,10.407444,7.296691
0.000000,2920.978084,-0.200000,10.407358,7.290228
0.000000,2921.229791,-0.200000,10.408137,7.277863
0.000000,2921.478146,-0.200000,10.410946,7.605772
0.000000,2921.728706,-0.200000,10.411384,7.078895
0.000000,2921.978481,-0.200000,10.407796,7.140518
0.000000,2922.228300,-0.200000,10.410141,7.376690
0.000000,2922.478032,-0.200000,10.416410,7.722586
0.000000,2922.729668,-0.200000,10.409386,7.191116
0.000000,2922.979679,-0.200000,10.411441,7.535402
0.000000,2923.229419,-0.200000,10.415458,7.361197
0.000000,2923.479447,-0.200000,10.414041,7.477944
0.000000,2923.728990,-0.200000,10.419699,7.527792
0.000000,2923.978810,-0.200000,10.415035,7.301282
0.000000,2924.228439,-0.200000,10.419727,7.509335
0.000000,2924.478127,-0.200000,10.421921,7.634159
0.000000,2924.729591,-0.200000,10.418344,7.111411
0.000000,2924.979281,-0.200000,10.426977,7.486852
0.000000,2925.228656,-0.200000,10.429389,7.674272
0.000000,2925.479569,-0.200000,10.427854,7.342336
0.000000,2925.729276,-0.300000,10.431713,7.355761
0.000000,2927.730011,-0.300000,10.435147,7.511579
0.000000,2927.736015,-0.300000,10.433192,7.121154
0.000000,2927.740992,-0.300000,10.432904,7.395745
0.000000,2927.746003,-0.300000,10.432198,7.428279
0.000000,2927.750989,-0.300000,10.429081,7.181851
0.000000,2927.755989,-0.300000,10.423233,7.571002
0.000000,2927.761013,-0.300000,10.427246,7.453377
0.000000,2927.766996,-0.300000,10.429154,7.405307
0.000000,2927.979508,-0.300000,10.424339,7.407415
0.000000,2928.228179,-0.300000,10.417951,7.451117
0.000000,2928.479448,-0.300000,10.425884,7.259742
0.000000,2928.729223,-0.300000,10.422252,7.091946
0.000000,2928.977859,-0.300000,10.419601,7.446881
0.000000,2929.229677,-0.300000,10.418064,7.202373
0.000000,2929.479503,-0.300000,10.418386,6.972110
0.000000,2929.729248,-0.300000,10.416282,7.007639
0.000000,2929.979103,-0.300000,10.412961,7.310690
0.000000,2930.228518,-0.300000,10.416269,7.178615
0.000000,2930.478044,-0.300000,10.417652,7.235724
0.000000,2930.727890,-0.300000,10.415528,7.110998
0.000000,2930.977886,-0.300000,10.417082,7.052703
0.000000,2931.229670,-0.300000,10.423769,6.809034
0.000000,2931.479253,-0.300000,10.422811,6.768841
0.000000,2931.729197,-0.300000,10.423300,6.751527
0.000000,2931.978912,-0.300000,10.424326,6.670992
0.000000,2932.228614,-0.300000,10.426023,6.980738
0.000000,2932.477927,-0.300000,10.434317,7.069148
0.000000,2932.729536,-0.300000,10.423383,6.339589
0.000000,2932.979299,-0.300000,10.423643,6.452553
0.000000,2933.229287,-0.300000,10.421560,6.752985
0.000000,2933.477876,-0.300000,10.422002,6.842377
0.000000,2933.729495,-0.300000,10.423022,6.887542
0.000000,2933.979457,-0.300000,10.428014,6.884458
0.000000,2934.229192,-0.300000,10.438492,6.932405
0.000000,2934.479125,-0.300000,10.437068,6.621788
0.000000,2934.728703,-0.300000,10.441386,6.446818
0.000000,2934.978563,-0.300000,10.427124,6.589745
0.000000,2935.228339,-0.300000,10.430876,6.667019
0.000000,2935.478083,-0.300000,10.434823,7.046220
0.000000,2935.727926,-0.300000,10.446508,6.651658
0.000000,2935.979530,-0.300000,10.445642,6.865099
0.000000,2936.229037,-0.300000,10.441202,6.909630
0.000000,2936.478801,-0.300000,10.433241,6.604432
0.000000,2936.728500,-0.300000,10.439781,7.188517
0.000000,2936.978197,-0.300000,10.435164,6.894670
0.000000,2937.227847,-0.300000,10.436761,6.994383
0.000000,2937.479215,-0.300000,10.440951,6.836050
0.000000,2937.729000,-0.300000,10.434362,6.641495
0.000000,2937.979703,-0.300000,10.441335,6.669643
0.000000,2938.229383,-0.300000,10.433830,6.935009
0.000000,2938.479341,-0.300000,10.424732,6.443815
0.000000,2938.729099,-0.300000,10.430533,6.713412
0.000000,2938.978742,-0.300000,10.429000,6.871318
0.000000,2939.228618,-0.300000,10.425069,6.710625
0.000000,2939.478601,-0.300000,10.425355,6.513419
0.000000,2939.728395,-0.300000,10.428010,6.365145
0.000000,2939.979058,-0.300000,10.425506,6.845141
0.000000,2940.228686,-0.300000,10.427020,6.706845
0.000000,2940.478525,-0.300000,10.427058,6.805334
0.000000,2940.728349,-0.300000,10.426973,7.044987
0.000000,2940.978103,-0.300000,10.431478,7.063915
0.000000,2941.229585,-0.300000,10.431173,6.891606
0.000000,2941.479305,-0.400000,10.434413,7.035407
0.000000,2943.479827,-0.400000,10.440402,6.955976
0.000000,2943.485810,-0.400000,10.442699,6.937691
0.000000,2943.489821,-0.400000,10.446250,6.853362
0.000000,2943.494819,-0.400000,10.441885,6.952371
0.000000,2943.499818,-0.400000,10.438823,6.675172
0.000000,2943.503819,-0.400000,10.436091,6.697410
0.000000,2943.508814,-0.400000,10.440743,6.840010
0.000000,2943.514813,-0.400000,10.443288,7.290159
0.000000,2943.728155,-0.400000,10.447484,6.776962
0.000000,2943.979576,-0.400000,10.448444,6.773994
0.000000,2944.229275,-0.400000,10.453885,6.867158
0.000000,2944.479094,-0.400000,10.455012,6.997858
0.000000,2944.728175,-0.400000,10.455167,6.962860
0.000000,2944.977728,-0.400000,10.454638,7.166404
0.000000,2945.227646,-0.400000,10.448197,6.874451
0.000000,2945.479264,-0.400000,10.437329,6.613456
0.000000,2945.728813,-0.400000,10.430563,6.877841
0.000000,2945.978428,-0.400000,10.429775,6.788655
0.000000,2946.228231,-0.400000,10.427575,6.978499
0.000000,2946.477868,-0.400000,10.423293,6.703890
0.000000,2946.729503,-0.400000,10.437028,6.302974
0.000000,2946.979262,-0.400000,10.435329,6.308816
0.000000,2947.228128,-0.400000,10.432507,6.235606
0.000000,2947.477859,-0.400000,10.433258,6.240152
0.000000,2947.728406,-0.400000,10.431241,6.164869
0.000000,2947.978333,-0.400000,10.435529,6.174732
0.000000,2948.227978,-0.400000,10.438500,5.977202
0.000000,2948.479515,-0.400000,10.441855,6.234603
0.000000,2948.729132,-0.400000,10.443347,6.207844
0.000000,2948.977854,-0.400000,10.438628,6.403530
0.000000,2949.229500,-0.400000,10.443004,6.339254
0.000000,2949.479209,-0.400000,10.446214,6.040713
0.000000,2949.728893,-0.400000,10.451987,6.804997
0.000000,2949.978564,-0.400000,10.449281,6.782040
0.000000,2950.228282,-0.400000,10.440334,6.538655
0.000000,2950.477881,-0.400000,10.452990,6.551904
0.000000,2950.729306,-0.400000,10.452642,6.580365
0.000000,2950.979253,-0.400000,10.448854,6.576328
0.000000,2951.229033,-0.400000,10.447682,6.629883
0.000000,2951.478750,-0.400000,10.446799,5.711513
0.000000,2951.728409,-0.400000,10.440312,6.226216
0.000000,2951.978137,-0.400000,10.439350,6.434836
0.000000,2952.229179,-0.400000,10.443424,6.595200
0.000000,2952.479072,-0.400000,10.446461,6.240128
0.000000,2952.728834,-0.400000,10.445808,6.767903
0.000000,2952.978710,-0.500000,10.446267,6.556111
0.000000,2954.979702,-0.500000,10.439636,6.236727
0.000000,2954.984696,-0.500000,10.440997,6.093295
0.000000,2954.989682,-0.500000,10.439967,6.124799
0.000000,2954.994694,-0.500000,10.443277,6.034521
0.000000,2954.999679,-0.500000,10.447704,6.310422
0.000000,2955.004678,-0.500000,10.442223,6.301974
0.000000,2955.008675,-0.500000,10.444882,6.269628
0.000000,2955.014674,-0.500000,10.446762,6.371857
0.000000,2955.227990,-0.500000,10.441907,6.614248
0.000000,2955.479495,-0.500000,10.447776,6.405426
0.000000,2955.729234,-0.500000,10.450261,6.431129
0.000000,2955.979145,-0.500000,10.444760,6.513553
0.000000,2956.228632,-0.500000,10.446190,6.529890
0.000000,2956.478213,-0.500000,10.450899,6.156846
0.000000,2956.728822,-0.500000,10.449313,6.282573
0.000000,2956.978563,-0.500000,10.448737,6.326444
0.000000,2957.229245,-0.500000,10.457302,6.071666
0.000000,2957.479051,-0.500000,10.461308,6.626397
0.000000,2957.729058,-0.500000,10.455995,6.956982
0.000000,2957.977978,-0.500000,10.455370,6.656961
0.000000,2958.229290,-0.500000,10.457199,6.133747
0.000000,2958.479119,-0.500000,10.457393,6.284346
0.000000,2958.728807,-0.500000,10.450858,6.449885
0.000000,2958.978527,-0.500000,10.450399,6.615369
0.000000,2959.228351,-0.500000,10.452442,6.602466
0.000000,2959.478002,-0.500000,10.449725,6.022199
0.000000,2959.728043,-0.500000,10.457272,5.921872
0.000000,2959.978675,-0.500000,10.450303,6.182513
0.000000,2960.228250,-0.500000,10.449462,6.552302
0.000000,2960.477887,-0.500000,10.451810,6.598559
0.000000,2960.729294,-0.500000,10.459735,6.341509
0.000000,2960.979040,-0.500000,10.460057,6.240368
0.000000,2961.227528,-0.500000,10.455174,6.527997
0.000000,2961.479387,-0.500000,10.448758,6.552224
0.000000,2961.727920,-0.500000,10.445994,5.990654
0.000000,2961.978845,-0.500000,10.443618,5.935393
0.000000,2962.228579,-0.500000,10.445332,5.695250
0.000000,2962.478453,-0.500000,10.437555,6.209818
0.000000,2962.727839,-0.500000,10.442169,6.173588
0.000000,2962.977592,-0.500000,10.440265,6.014943
0.000000,2963.229318,-0.500000,10.443142,5.997946
0.000000,2963.479152,-0.500000,10.440199,5.778747
0.000000,2963.728834,-0.600000,10.448758,5.588706
0.000000,2965.729768,-0.600000,10.441516,5.963967
0.000000,2965.736751,-0.600000,10.449635,5.836935
0.000000,2965.742761,-0.600000,10.442011,6.305625
0.000000,2965.747765,-0.600000,10.435186,6.246673
0.000000,2965.751758,-0.600000,10.432302,6.144542
0.000000,2965.756744,-0.600000,10.437531,6.289547
0.000000,2965.761743,-0.600000,10.430868,6.155582
0.000000,2965.767753,-0.600000,10.438172,5.608281
0.000000,2965.978298,-0.600000,10.442060,6.101021
0.000000,2966.227952,-0.600000,10.431830,6.450997
0.000000,2966.477469,-0.600000,10.441130,6.263574
0.000000,2966.729465,-0.600000,10.433943,6.441723
0.000000,2966.979098,-0.600000,10.434827,6.368266
0.000000,2967.228751,-0.600000,10.438417,5.942694
0.000000,2967.478329,-0.600000,10.441482,6.095511
0.000000,2967.727925,-0.600000,10.455780,6.517287
0.000000,2967.978876,-0.600000,10.462672,6.065815
0.000000,2968.228622,-0.600000,10.465148,5.870167
0.000000,2968.478075,-0.600000,10.466371,6.042313
0.000000,2968.727608,-0.600000,10.466336,6.101531
0.000000,2968.979391,-0.600000,10.456736,6.710013
0.000000,2969.229423,-0.600000,10.452147,6.796140
0.000000,2969.477994,-0.600000,10.453579,6.696085
0.000000,2969.729323,-0.600000,10.455795,6.812042
0.000000,2969.977957,-0.600000,10.449761,7.109147
0.000000,2970.227755,-0.600000,10.445776,7.070159
0.000000,2970.479387,-0.600000,10.451569,6.910382
0.000000,2970.728855,-0.600000,10.452213,7.087320
0.000000,2970.977440,-0.600000,10.449078,7.109319
0.000000,2971.229264,-0.600000,10.450604,6.776085
0.000000,2971.478681,-0.600000,10.455761,6.779044
0.000000,2971.728257,-0.600000,10.447405,7.072589
0.000000,2971.977983,-0.600000,10.450600,6.731085
0.000000,2972.227447,-0.600000,10.450412,6.925585
0.000000,2972.479137,-0.600000,10.458847,6.563823
0.000000,2972.728934,-0.600000,10.465519,6.739736
0.000000,2972.978519,-0.600000,10.468977,6.556712
0.000000,2973.228384,-0.600000,10.468915,6.898196
0.000000,2973.489258,-0.600000,10.466479,6.803405
0.000000,2973.727746,-0.600000,10.468373,6.545156
0.000000,2973.978517,-0.600000,10.460004,6.454083
0.000000,2974.228573,-0.600000,10.459707,6.535058
0.000000,2974.477434,-0.600000,10.465585,6.390846
0.000000,2974.729135,-0.600000,10.462516,6.765033
0.000000,2974.978762,-0.600000,10.465542,6.740163
0.000000,2975.228387,-0.600000,10.464631,6.565651
0.000000,2975.478068,-0.700000,10.463269,6.446758
0.000000,2977.478869,-0.700000,10.466607,6.506065
0.000000,2977.483865,-0.700000,10.465715,6.467754
0.000000,2977.488851,-0.700000,10.457250,6.081454
0.000000,2977.492862,-0.700000,10.454004,6.179260
0.000000,2977.497865,-0.700000,10.454608,6.299544
0.000000,2977.501859,-0.700000,10.453925,6.324377
0.000000,2977.506857,-0.700000,10.456346,6.715038
0.000000,2977.512855,-0.700000,10.450284,6.355133
0.000000,2977.728356,-0.700000,10.453833,6.423728
0.000000,2977.977932,-0.700000,10.456958,6.527583
0.000000,2978.227355,-0.700000,10.454354,6.450351
0.000000,2978.479083,-0.700000,10.456506,6.729669
0.000000,2978.728805,-0.700000,10.461592,6.891818
0.000000,2978.978580,-0.700000,10.462219,6.982976
0.000000,2979.227939,-0.700000,10.461259,6.582279
0.000000,2979.477566,-0.700000,10.460977,6.562811
0.000000,2979.728158,-0.700000,10.461713,6.647102
0.000000,2979.979078,-0.700000,10.469186,6.554629
0.000000,2980.227997,-0.700000,10.464044,6.687472
0.000000,2980.478921,-0.700000,10.462134,6.513415
0.000000,2980.728352,-0.700000,10.461370,7.314125
0.000000,2980.979115,-0.700000,10.464563,7.591035
0.000000,2981.228844,-0.700000,10.468279,7.790207
0.000000,2981.478667,-0.700000,10.463861,7.710451
0.000000,2981.729301,-0.700000,10.465480,7.249824
0.000000,2981.977766,-0.700000,10.459227,7.187174
0.000000,2982.227367,-0.700000,10.467512,7.357304
0.000000,2982.479026,-0.700000,10.465284,7.143450
0.000000,2982.727680,-0.700000,10.468678,7.665193
0.000000,2982.977389,-0.700000,10.469233,7.946961
0.000000,2983.229043,-0.700000,10.467826,7.592512
0.000000,2983.478725,-0.700000,10.462985,7.760218
0.000000,2983.728389,-0.700000,10.465105,8.210064
0.000000,2983.979021,-0.700000,10.469254,7.722852
0.000000,2984.228768,-0.700000,10.469499,7.402809
0.000000,2984.478507,-0.700000,10.474562,7.571616
0.000000,2984.727311,-0.700000,10.478961,7.795321
0.000000,2984.978832,-0.700000,10.476600,8.192491
0.000000,2985.228662,-0.700000,10.478370,7.276001
0.000000,2985.478298,-0.700000,10.473531,7.497050
0.000000,2985.727929,-0.700000,10.468693,7.267720
0.000000,2985.977558,-0.700000,10.470193,7.809023
0.000000,2986.229234,-0.700000,10.464300,7.569961
0.000000,2986.479071,-0.700000,10.460657,7.625256
0.000000,2986.728722,-0.700000,10.463585,8.061675
0.000000,2986.978511,-0.700000,10.459603,7.873598
0.000000,2987.228250,-0.800000,10.464193,7.607094
0.000000,2989.230667,-0.800000,10.464486,7.957248
0.000000,2989.235662,-0.800000,10.461807,7.699744
0.000000,2989.240661,-0.800000,10.451202,7.757336
0.000000,2989.245646,-0.800000,10.449298,7.279532
0.000000,2989.249658,-0.800000,10.451729,6.974970
0.000000,2989.253657,-0.800000,10.450837,7.183974
0.000000,2989.258655,-0.800000,10.451942,7.434418
0.000000,2989.264653,-0.800000,10.448030,7.103317
0.000000,2989.478110,-0.800000,10.450079,7.488292
0.000000,2989.727764,-0.800000,10.449526,7.728053
0.000000,2989.977358,-0.800000,10.455569,7.362215
0.000000,2990.227234,-0.800000,10.456232,7.490221
0.000000,2990.479091,-0.800000,10.459696,7.552123
0.000000,2990.728791,-0.800000,10.460919,7.672502
0.000000,2990.978530,-0.800000,10.463961,7.847306
0.000000,2991.227947,-0.800000,10.467126,7.373778
0.000000,2991.477711,-0.800000,10.468635,7.793052
0.000000,2991.728672,-0.800000,10.467081,7.692370
0.000000,2991.977593,-0.800000,10.467303,7.859842
0.000000,2992.228509,-0.800000,10.468776,8.710067
0.000000,2992.478103,-0.800000,10.466881,9.202688
0.000000,2992.727640,-0.800000,10.474492,9.241693
0.000000,2992.977267,-0.800000,10.479061,8.959010
0.000000,2993.228941,-0.800000,10.480722,8.676863
0.000000,2993.478704,-0.800000,10.470044,8.825370
0.000000,2993.728245,-0.800000,10.462544,8.371835
0.000000,2993.978078,-0.800000,10.462394,8.758108
0.000000,2994.227719,-0.800000,10.470157,8.801473
0.000000,2994.477362,-0.800000,10.462166,8.637138
0.000000,2994.729201,-0.800000,10.462375,8.374598
0.000000,2994.978974,-0.800000,10.456237,8.781777
0.000000,2995.228763,-0.800000,10.461415,8.570803
0.000000,2995.478221,-0.800000,10.458380,8.717430
0.000000,2995.727869,-0.800000,10.458371,8.814682
0.000000,2995.977504,-0.800000,10.462352,8.705482
0.000000,2996.227149,-0.800000,10.462230,9.074744
0.000000,2996.478770,-0.800000,10.464879,8.767791
0.000000,2996.728435,-0.800000,10.459468,8.695079
0.000000,2996.977990,-0.800000,10.465026,9.129001
0.000000,2997.227586,-0.800000,10.472624,9.104612
0.000000,2997.479177,-0.800000,10.473574,9.024624
0.000000,2997.728961,-0.800000,10.459556,8.463652
0.000000,2997.978678,-0.800000,10.468300,8.650878
0.000000,2998.228625,-0.800000,10.459801,8.512845
0.000000,2998.478677,-0.800000,10.454939,8.850465
0.000000,2998.728554,-0.800000,10.451848,8.770319
0.000000,2998.978294,-0.900000,10.451812,8.737798
0.000000,3000.980028,-0.900000,10.451870,8.531733
0.000000,3000.985023,-0.900000,10.454694,8.870664
0.000000,3000.990026,-0.900000,10.454681,9.028963
0.000000,3000.995020,-0.900000,10.450638,8.672265
0.000000,3001.000019,-0.900000,10.453735,8.907742
0.000000,3001.005019,-0.900000,10.450568,8.942139
0.000000,3001.009016,-0.900000,10.450079,9.037042
0.000000,3001.015043,-0.900000,10.453669,9.043026
0.000000,3001.228583,-0.900000,10.451957,8.837585
0.000000,3001.479033,-0.900000,10.457919,8.473118
0.000000,3001.728945,-0.900000,10.468488,8.976625
0.000000,3001.978858,-0.900000,10.459671,9.032618
0.000000,3002.228392,-0.900000,10.464179,9.118166
0.000000,3002.477790,-0.900000,10.458676,9.002004
0.000000,3002.727554,-0.900000,10.455056,9.052605
0.000000,3002.977178,-0.900000,10.454454,9.238605
0.000000,3003.227862,-0.900000,10.457968,8.865655
0.000000,3003.478814,-0.900000,10.460582,9.052481
0.000000,3003.727750,-0.900000,10.455193,9.346715
0.000000,3003.978651,-0.900000,10.460290,9.643817
0.000000,3004.228118,-0.900000,10.457899,10.040083
0.000000,3004.477968,-0.900000,10.458091,10.185074
0.000000,3004.728559,-0.900000,10.459383,10.835180
0.000000,3004.978011,-0.900000,10.460781,10.600398
0.000000,3005.227839,-0.900000,10.459250,10.318941
0.000000,3005.477376,-0.900000,10.455534,10.465462
0.000000,3005.728068,-0.900000,10.453947,10.200668
0.000000,3005.978824,-0.900000,10.453844,10.030652
0.000000,3006.228450,-0.900000,10.462599,10.324615
0.000000,3006.478045,-0.900000,10.460518,10.153083
0.000000,3006.727813,-0.900000,10.456060,10.258819
0.000000,3006.977586,-0.900000,10.456877,10.227171
0.000000,3007.228365,-0.900000,10.456681,10.228406
0.000000,3007.478175,-0.900000,10.457547,10.267150
0.000000,3007.728938,-0.900000,10.453735,9.909187
0.000000,3007.978820,-0.900000,10.449537,9.997397
0.000000,3008.228619,-0.900000,10.455133,10.070355
0.000000,3008.478475,-0.900000,10.453857,9.909903
0.000000,3008.727194,-0.900000,10.448728,10.254326
0.000000,3008.977414,-0.900000,10.444927,10.283687
0.000000,3009.228981,-0.900000,10.440891,10.442383
0.000000,3009.478927,-0.900000,10.442327,10.043586
0.000000,3009.728879,-0.900000,10.452410,10.138684
0.000000,3009.978498,-0.900000,10.440425,10.524043
0.000000,3010.228382,-0.900000,10.446925,10.368813
0.000000,3010.478144,-0.900000,10.448997,10.611371
0.000000,3010.727834,-0.900000,10.456531,10.503632
0.000000,3010.977542,-0.900000,10.457246,10.380939
0.000000,3011.227229,-0.900000,10.455039,10.628383
0.000000,3011.478125,-0.900000,10.453757,10.348103
0.000000,3011.728995,-1.000000,10.453191,10.503264
0.000000,3013.729817,-1.000000,10.460352,10.155836
0.000000,3013.734800,-1.000000,10.458386,9.990572
0.000000,3013.739810,-1.000000,10.454399,10.071961
0.000000,3013.743810,-1.000000,10.458736,10.373158
0.000000,3013.748808,-1.000000,10.455878,10.142154
0.000000,3013.753807,-1.000000,10.461709,10.345709
0.000000,3013.758805,-1.000000,10.468270,10.284359
0.000000,3013.764802,-1.000000,10.467075,10.361745
0.000000,3013.978343,-1.000000,10.464573,10.419085
0.000000,3014.228050,-1.000000,10.463743,10.367511
0.000000,3014.477606,-1.000000,10.465440,10.180267
0.000000,3014.727411,-1.000000,10.464569,10.171977
0.000000,3014.978853,-1.000000,10.457472,9.688151
0.000000,3015.227803,-1.000000,10.451964,10.226445
0.000000,3015.478723,-1.000000,10.447603,10.464399
0.000000,3015.727643,-1.000000,10.450999,9.861295
0.000000,3015.978565,-1.000000,10.450675,10.057907
0.000000,3016.227480,-1.000000,10.443465,10.255064
0.000000,3016.478398,-1.000000,10.446180,10.739755
0.000000,3016.727318,-1.000000,10.446022,10.804267
0.000000,3016.978829,-1.000000,10.449080,11.419210
0.000000,3017.228320,-1.000000,10.452877,11.570670
0.000000,3017.478137,-1.000000,10.456593,11.566837
0.000000,3017.727839,-1.000000,10.460183,11.511390
0.000000,3017.978667,-1.000000,10.460719,11.585601
0.000000,3018.228403,-1.000000,10.465521,11.438093
0.000000,3018.478011,-1.000000,10.469418,11.534043
0.000000,3018.727599,-1.000000,10.465577,11.477429
0.000000,3018.978271,-1.000000,10.460320,11.013307
0.000000,3019.227966,-1.000000,10.471286,11.503480
0.000000,3019.477709,-1.000000,10.471516,11.833846
0.000000,3019.727250,-1.000000,10.472712,11.485246
0.000000,3019.978797,-1.000000,10.461301,11.479348
0.000000,3020.228559,-1.000000,10.465280,11.496135
0.000000,3020.477239,-1.000000,10.464622,11.404580
0.000000,3020.728842,-1.000000,10.462723,11.345767
0.000000,3020.978563,-1.000000,10.469811,11.416310
0.000000,3021.227894,-1.000000,10.464016,11.637546
0.000000,3021.478696,-1.000000,10.458057,11.389863
0.000000,3021.727460,-1.000000,10.450634,11.462896
0.000000,3021.977061,-1.000000,10.446653,11.334600
0.000000,3022.228724,-1.000000,10.445550,11.542359
0.000000,3022.478340,-1.000000,10.441153,11.430165
0.000000,3022.728045,-1.100000,10.444792,11.417526
0.000000,3024.728714,-1.100000,10.441375,11.406393
0.000000,3024.733696,-1.100000,10.442163,11.128427
0.000000,3024.738707,-1.100000,10.441266,11.385512
0.000000,3024.743713,-1.100000,10.444462,11.444479
0.000000,3024.747692,-1.100000,10.443909,11.565101
0.000000,3024.752698,-1.100000,10.435455,11.380971
0.000000,3024.756689,-1.100000,10.443300,11.380890
0.000000,3024.762699,-1.100000,10.444094,11.797108
0.000000,3024.978246,-1.100000,10.452000,11.728831
0.000000,3025.227959,-1.100000,10.448816,11.718010
0.000000,3025.477730,-1.100000,10.454476,11.650607
0.000000,3025.727383,-1.100000,10.454540,11.633031
0.000000,3025.977981,-1.100000,10.457848,11.440372
0.000000,3026.228601,-1.100000,10.456188,11.344849
0.000000,3026.477143,-1.100000,10.462928,11.524640
0.000000,3026.727040,-1.100000,10.456106,11.804065
0.000000,3026.977790,-1.100000,10.461818,11.575703
0.000000,3027.227482,-1.100000,10.457976,11.475108
0.000000,3027.478166,-1.100000,10.464930,11.544033
0.000000,3027.727775,-1.100000,10.458858,11.819430
0.000000,3027.977462,-1.100000,10.454021,12.086663
0.000000,3028.227198,-1.100000,10.448598,12.124896
0.000000,3028.477788,-1.100000,10.450593,12.108454
0.000000,3028.727472,-1.100000,10.448559,12.197798
0.000000,3028.977285,-1.100000,10.451417,12.177884
0.000000,3029.227787,-1.100000,10.443821,12.109931
0.000000,3029.478459,-1.100000,10.447923,12.106617
0.000000,3029.728065,-1.100000,10.453332,12.131942
0.000000,3029.976933,-1.100000,10.449266,11.992578
0.000000,3030.228359,-1.100000,10.458896,12.046923
0.000000,3030.477871,-1.100000,10.459842,12.174328
0.000000,3030.727561,-1.100000,10.456339,11.985473
0.000000,3030.978175,-1.100000,10.457297,12.149191
0.000000,3031.227736,-1.100000,10.460495,12.247866
0.000000,3031.478427,-1.100000,10.460221,12.115411
0.000000,3031.727801,-1.100000,10.465107,12.170343
0.000000,3031.977561,-1.100000,10.457003,11.985560
0.000000,3032.226981,-1.100000,10.463124,11.935146
0.000000,3032.478568,-1.100000,10.452265,11.897462
0.000000,3032.727181,-1.100000,10.452220,12.022969
0.000000,3032.976953,-1.100000,10.443539,12.100184
0.000000,3033.228703,-1.100000,10.446316,12.083962
0.000000,3033.478144,-1.100000,10.446773,12.120656
0.000000,3033.727497,-1.100000,10.451016,12.190075
0.000000,3033.978119,-1.100000,10.460085,12.049324
0.000000,3034.227862,-1.100000,10.458849,12.187795
0.000000,3034.477436,-1.200000,10.454085,12.186545
0.000000,3036.478815,-1.200000,10.458459,12.119069
0.000000,3036.483809,-1.200000,10.445623,12.090876
0.000000,3036.488808,-1.200000,10.454726,12.167709
0.000000,3036.493807,-1.200000,10.447413,12.069385
0.000000,3036.497806,-1.200000,10.445548,12.175931
0.000000,3036.502804,-1.200000,10.451752,12.108128
0.000000,3036.507802,-1.200000,10.447260,12.148625
0.000000,3036.513787,-1.200000,10.448391,12.130570
0.000000,3036.727574,-1.200000,10.441241,12.179646
0.000000,3036.977230,-1.200000,10.442605,12.070747
0.000000,3037.227129,-1.200000,10.443860,12.118945
0.000000,3037.478775,-1.200000,10.448291,12.109673
0.000000,3037.728443,-1.200000,10.448175,12.236333
0.000000,3037.976999,-1.200000,10.450766,12.123487
0.000000,3038.228371,-1.200000,10.447166,12.115740
0.000000,3038.478070,-1.200000,10.447977,12.034086
0.000000,3038.727770,-1.200000,10.451548,12.047284
0.000000,3038.978761,-1.200000,10.453690,12.165773
0.000000,3039.227698,-1.200000,10.449202,12.052234
0.000000,3039.478616,-1.200000,10.449759,12.100890
0.000000,3039.727813,-1.200000,10.452359,12.258452
0.000000,3039.977507,-1.200000,10.450698,12.251611
0.000000,3040.227238,-1.200000,10.447520,12.264948
0.000000,3040.477083,-1.200000,10.442703,12.292393
0.000000,3040.728802,-1.200000,10.444173,12.282828
0.000000,3040.978553,-1.200000,10.449934,12.270883
0.000000,3041.227299,-1.200000,10.448442,12.249032
0.000000,3041.477245,-1.200000,10.447430,12.230652
0.000000,3041.727940,-1.200000,10.445593,12.228928
0.000000,3041.976864,-1.200000,10.440504,12.284859
0.000000,3042.228718,-1.200000,10.450892,12.272473
0.000000,3042.478621,-1.200000,10.443578,12.246424
0.000000,3042.727993,-1.200000,10.447885,12.235744
0.000000,3042.978625,-1.200000,10.451014,12.225502
0.000000,3043.228206,-1.200000,10.444816,12.207402
0.000000,3043.477854,-1.200000,10.439514,12.191010
0.000000,3043.727461,-1.200000,10.442961,12.289654
0.000000,3043.977292,-1.200000,10.445270,12.280399
0.000000,3044.227953,-1.200000,10.445840,12.259089
0.000000,3044.477460,-1.200000,10.455870,12.269305
0.000000,3044.727113,-1.200000,10.459624,12.282000
0.000000,3044.976918,-1.200000,10.454856,12.211758
0.000000,3045.228600,-1.200000,10.452788,12.274171
0.000000,3045.478400,-1.200000,10.451422,12.293755
0.000000,3045.727998,-1.200000,10.446154,12.283141
0.000000,3045.977728,-1.300000,10.453693,12.260461
0.000000,3047.980331,-1.300000,10.454408,12.280257
0.000000,3047.985344,-1.300000,10.459408,12.287085
0.000000,3047.990344,-1.300000,10.458672,12.298015
0.000000,3047.995342,-1.300000,10.461440,12.261627
0.000000,3047.999326,-1.300000,10.465508,12.300717
0.000000,3048.004338,-1.300000,10.460358,12.278987
0.000000,3048.009337,-1.300000,10.459957,12.260876
0.000000,3048.015322,-1.300000,10.461519,12.345223
0.000000,3048.228762,-1.300000,10.465325,12.283027
0.000000,3048.478346,-1.300000,10.465182,12.286941
0.000000,3048.728141,-1.300000,10.463397,12.272703
0.000000,3048.976959,-1.300000,10.468637,12.267651
0.000000,3049.227387,-1.300000,10.458076,12.304775
0.000000,3049.477328,-1.300000,10.451594,12.296308
0.000000,3049.726893,-1.300000,10.451059,12.253227
0.000000,3049.978554,-1.300000,10.462328,12.266275
0.000000,3050.228475,-1.300000,10.458134,12.227809
0.000000,3050.478088,-1.300000,10.465291,12.287230
0.000000,3050.728038,-1.300000,10.457607,12.290695
0.000000,3050.976958,-1.300000,10.461515,12.271492
0.000000,3051.228499,-1.300000,10.468208,12.247584
0.000000,3051.478127,-1.300000,10.463355,12.225685
0.000000,3051.727825,-1.300000,10.459946,12.251312
0.000000,3051.977645,-1.300000,10.451161,12.232106
0.000000,3052.227172,-1.300000,10.452348,12.253392
0.000000,3052.478619,-1.300000,10.455394,12.239078
0.000000,3052.728199,-1.300000,10.452491,12.245820
0.000000,3052.978095,-1.300000,10.456286,12.251729
0.000000,3053.227491,-1.300000,10.457146,12.245083
0.000000,3053.477170,-1.300000,10.452120,12.246164
0.000000,3053.728640,-1.300000,10.446974,12.228277
0.000000,3053.978375,-1.300000,10.457596,12.235440
0.000000,3054.227909,-1.300000,10.455037,12.263047
0.000000,3054.477649,-1.300000,10.460010,12.247318
0.000000,3054.727412,-1.300000,10.461131,12.249820
0.000000,3054.976958,-1.300000,10.457095,12.259609
0.000000,3055.228493,-1.300000,10.459980,12.230464
0.000000,3055.478570,-1.300000,10.461336,12.248732
0.000000,3055.728356,-1.300000,10.458211,12.247693
0.000000,3055.977156,-1.300000,10.457677,12.262533
0.000000,3056.228630,-1.300000,10.466659,12.266912
0.000000,3056.478266,-1.300000,10.456386,12.262816
0.000000,3056.727858,-1.300000,10.455272,12.255216
0.000000,3056.977452,-1.400000,10.454674,12.236978
0.000000,3058.977859,-1.400000,10.447938,12.242066
0.000000,3058.982853,-1.400000,10.461579,12.247547
0.000000,3058.987851,-1.400000,10.461839,12.260635
0.000000,3058.992850,-1.400000,10.464780,12.223857
0.000000,3058.997848,-1.400000,10.464125,12.239709
0.000000,3059.001833,-1.400000,10.464642,12.258231
0.000000,3059.006832,-1.400000,10.461735,12.244674
0.000000,3059.012844,-1.400000,10.455833,12.244719
0.000000,3059.228529,-1.400000,10.457312,12.239578
0.000000,3059.478436,-1.400000,10.458446,12.268078
0.000000,3059.727981,-1.400000,10.454104,12.264293
0.000000,3059.977785,-1.400000,10.449778,12.264772
0.000000,3060.227333,-1.400000,10.457058,12.227027
0.000000,3060.476981,-1.400000,10.456395,12.255538
0.000000,3060.727762,-1.400000,10.463073,12.268968
0.000000,3060.977282,-1.400000,10.459637,12.258113
0.000000,3061.228070,-1.400000,10.463237,12.256146
0.000000,3061.477612,-1.400000,10.466738,12.273553
0.000000,3061.727337,-1.400000,10.464375,12.259642
0.000000,3061.977188,-1.400000,10.457402,12.250666
0.000000,3062.227036,-1.400000,10.451343,12.223938
0.000000,3062.476695,-1.400000,10.447678,12.213029
0.000000,3062.728339,-1.400000,10.448792,12.207769
0.000000,3062.977836,-1.400000,10.449610,12.222586
0.000000,3063.227542,-1.400000,10.454030,12.210395
0.000000,3063.477349,-1.400000,10.454081,12.207822
0.000000,3063.726845,-1.400000,10.454583,12.215656
0.000000,3063.978546,-1.400000,10.449607,12.205984
0.000000,3064.228169,-1.400000,10.449157,12.205564
0.000000,3064.477715,-1.400000,10.444602,12.220142
0.000000,3064.726750,-1.400000,10.451737,12.212714
0.000000,3064.978449,-1.400000,10.460550,12.196797
0.000000,3065.226837,-1.400000,10.458525,12.201323
0.000000,3065.478462,-1.400000,10.465715,12.202643
0.000000,3065.728354,-1.400000,10.461903,12.206725
0.000000,3065.976963,-1.400000,10.463760,12.209302
0.000000,3066.228510,-1.400000,10.460646,12.199545
0.000000,3066.478406,-1.400000,10.463231,12.208881
0.000000,3066.728147,-1.400000,10.467732,12.212564
0.000000,3066.977715,-1.400000,10.473185,12.214073
0.000000,3067.227561,-1.400000,10.465073,12.191913
0.000000,3067.477390,-1.500000,10.463607,12.204910
0.000000,3069.478579,-1.500000,10.463410,12.199172
0.000000,3069.483573,-1.500000,10.457976,12.214834
0.000000,3069.488573,-1.500000,10.458597,12.195274
0.000000,3069.493570,-1.500000,10.452263,12.201926
0.000000,3069.497569,-1.500000,10.461173,12.189584
0.000000,3069.502567,-1.500000,10.462384,12.188244
0.000000,3069.507554,-1.500000,10.454164,12.187205
0.000000,3069.513564,-1.500000,10.453494,12.194534
0.000000,3069.727415,-1.500000,10.454948,12.202908
0.000000,3069.976966,-1.500000,10.460806,12.186890
0.000000,3070.226670,-1.500000,10.453138,12.213181
0.000000,3070.478419,-1.500000,10.450092,12.191400
0.000000,3070.728071,-1.500000,10.447874,12.198741
0.000000,3070.977636,-1.500000,10.450555,12.195527
0.000000,3071.227956,-1.500000,10.449475,12.190079
0.000000,3071.477606,-1.500000,10.463282,12.193656
0.000000,3071.727257,-1.500000,10.461489,12.202015
0.000000,3071.976872,-1.500000,10.457406,12.227292
0.000000,3072.228381,-1.500000,10.452756,12.207671
0.000000,3072.478014,-1.500000,10.447894,12.187289
0.000000,3072.727651,-1.500000,10.453217,12.181416
0.000000,3072.977361,-1.500000,10.445601,12.165121
0.000000,3073.227048,-1.500000,10.446058,12.178621
0.000000,3073.476705,-1.500000,10.454615,12.170794
0.000000,3073.727404,-1.500000,10.456252,12.161198
0.000000,3073.977282,-1.500000,10.452248,12.165886
0.000000,3074.226871,-1.500000,10.450532,12.159527
0.000000,3074.476719,-1.500000,10.454062,12.157167
0.000000,3074.728454,-1.500000,10.455558,12.174190
0.000000,3074.978246,-1.500000,10.456188,12.160721
0.000000,3075.227991,-1.500000,10.450359,12.169014
0.000000,3075.477640,-1.500000,10.449718,12.174463
0.000000,3075.727298,-1.500000,10.446856,12.168845
0.000000,3075.976637,-1.500000,10.453020,12.168279
0.000000,3076.226670,-1.500000,10.450421,12.151194
0.000000,3076.478248,-1.500000,10.460358,12.161473
0.000000,3076.727122,-1.500000,10.453714,12.150894
0.000000,3076.976749,-1.500000,10.459270,12.163442
0.000000,3077.226447,-1.500000,10.452649,12.172051
0.000000,3077.478090,-1.500000,10.459611,12.185019
0.000000,3077.727793,-1.500000,10.456341,12.175367
0.000000,3077.977615,-1.500000,10.456117,12.172122
0.000000,3078.227374,-1.600000,10.451217,12.178717
0.000000,3080.228372,-1.600000,10.454866,12.174494
0.000000,3080.233366,-1.600000,10.461686,12.174048
0.000000,3080.238352,-1.600000,10.467220,12.184787
0.000000,3080.243355,-1.600000,10.469788,12.176401
0.000000,3080.247362,-1.600000,10.470035,12.166412
0.000000,3080.252348,-1.600000,10.464512,12.162694
0.000000,3080.256359,-1.600000,10.464484,12.160228
0.000000,3080.263344,-1.600000,10.461807,12.173975
0.000000,3080.477005,-1.600000,10.465937,12.166688
0.000000,3080.726880,-1.600000,10.456380,12.146443
0.000000,3080.976631,-1.600000,10.464415,12.177600
0.000000,3081.228281,-1.600000,10.464330,12.162788
0.000000,3081.477829,-1.600000,10.457726,12.168996
0.000000,3081.727752,-1.600000,10.460078,12.164212
0.000000,3081.976538,-1.600000,10.461549,12.188841
0.000000,3082.228075,-1.600000,10.462695,12.183964
0.000000,3082.477009,-1.600000,10.460177,12.177682
0.000000,3082.726686,-1.600000,10.465498,12.177378
0.000000,3082.978169,-1.600000,10.465412,12.175232
0.000000,3083.226789,-1.600000,10.468951,12.172450
0.000000,3083.478392,-1.600000,10.463583,12.159109
0.000000,3083.727913,-1.600000,10.459980,12.159054
0.000000,3083.977710,-1.600000,10.449166,12.138592
0.000000,3084.227510,-1.600000,10.449264,12.149586
0.000000,3084.477010,-1.600000,10.446688,12.149935
0.000000,3084.726427,-1.600000,10.451142,12.150457
0.000000,3084.977991,-1.600000,10.450901,12.144565
0.000000,3085.227745,-1.600000,10.455622,12.149229
0.000000,3085.477320,-1.600000,10.459088,12.147074
0.000000,3085.728017,-1.600000,10.455212,12.150676
0.000000,3085.976447,-1.600000,10.465244,12.144812
0.000000,3086.228936,-1.600000,10.469327,12.140779
0.000000,3086.477477,-1.600000,10.467564,12.148304
0.000000,3086.727146,-1.600000,10.462441,12.144630
0.000000,3086.977768,-1.600000,10.466537,12.145475
0.000000,3087.228539,-1.600000,10.470748,12.141651
0.000000,3087.478337,-1.600000,10.466680,12.138137
0.000000,3087.727087,-1.600000,10.461363,12.145454
0.000000,3087.976789,-1.600000,10.463359,12.140818
0.000000,3088.227444,-1.600000,10.460825,12.142703
0.000000,3088.478059,-1.600000,10.457933,12.138617
0.000000,3088.728664,-1.600000,10.465645,12.142717
0.000000,3088.976620,-1.600000,10.464339,12.154506
0.000000,3089.226541,-1.600000,10.463397,12.155389
0.000000,3089.477349,-1.600000,10.467636,12.146548
0.000000,3089.728014,-1.700000,10.462185,12.148599
0.000000,3091.728848,-1.700000,10.450495,12.145882
0.000000,3091.734842,-1.700000,10.451067,12.142697
0.000000,3091.739828,-1.700000,10.445618,12.153525
0.000000,3091.745826,-1.700000,10.450685,12.152364
0.000000,3091.750838,-1.700000,10.450109,12.143906
0.000000,3091.755823,-1.700000,10.454149,12.145809
0.000000,3091.761821,-1.700000,10.453413,12.155387
0.000000,3091.768848,-1.700000,10.450258,12.158970
0.000000,3091.977423,-1.700000,10.455174,12.150712
0.000000,3092.228237,-1.700000,10.451014,12.153869
0.000000,3092.477767,-1.700000,10.455180,12.150566
0.000000,3092.728424,-1.700000,10.459918,12.142366
0.000000,3092.977883,-1.700000,10.461451,12.138783
0.000000,3093.227428,-1.700000,10.468458,12.143504
0.000000,3093.477285,-1.700000,10.468846,12.144461
0.000000,3093.726836,-1.700000,10.466477,12.155036
0.000000,3093.978209,-1.700000,10.467606,12.134717
0.000000,3094.226928,-1.700000,10.464170,12.139929
0.000000,3094.480833,-1.700000,10.471201,12.151682
0.000000,3094.728755,-1.700000,10.467587,12.138546
0.000000,3094.977314,-1.700000,10.472441,12.140992
0.000000,3095.227030,-1.700000,10.461818,12.139243
0.000000,3095.478580,-1.700000,10.456962,12.131436
0.000000,3095.727646,-1.700000,10.460431,12.135209
0.000000,3095.978406,-1.700000,10.461910,12.136419
0.000000,3096.226301,-1.700000,10.470842,12.134614
0.000000,3096.478135,-1.700000,10.468413,12.137675
0.000000,3096.728725,-1.700000,10.462661,12.142641
0.000000,3096.977412,-1.700000,10.456147,12.133864
0.000000,3097.227130,-1.700000,10.451366,12.129203
0.000000,3097.477777,-1.700000,10.452256,12.140632
0.000000,3097.728630,-1.700000,10.452860,12.128534
0.000000,3097.978911,-1.700000,10.453082,12.124283
0.000000,3098.226423,-1.700000,10.453868,12.134257
0.000000,3098.479226,-1.700000,10.455637,12.123908
0.000000,3098.727239,-1.700000,10.462911,12.124625
0.000000,3098.977003,-1.700000,10.459517,12.123040
0.000000,3099.226481,-1.700000,10.457554,12.119376
0.000000,3099.478979,-1.800000,10.457699,12.112228
0.000000,3101.478733,-1.800000,10.453445,12.116592
0.000000,3101.484731,-1.800000,10.446828,12.118632
0.000000,3101.489730,-1.800000,10.451133,12.126663
0.000000,3101.495727,-1.800000,10.452894,12.125706
0.000000,3101.500726,-1.800000,10.452504,12.114368
0.000000,3101.506723,-1.800000,10.454841,12.125524
0.000000,3101.511722,-1.800000,10.461015,12.126910
0.000000,3101.518720,-1.800000,10.458461,12.125041
0.000000,3101.728652,-1.800000,10.470178,12.124947
0.000000,3101.978571,-1.800000,10.466409,12.127191
0.000000,3102.227507,-1.800000,10.468370,12.139464
0.000000,3102.476409,-1.800000,10.466601,12.138581
0.000000,3102.727360,-1.800000,10.463000,12.138776
0.000000,3102.976265,-1.800000,10.458621,12.116148
0.000000,3103.229165,-1.800000,10.452796,12.127953
0.000000,3103.479085,-1.800000,10.457818,12.124122
0.000000,3103.729011,-1.800000,10.459372,12.128712
0.000000,3103.978930,-1.800000,10.461067,12.133613
0.000000,3104.227842,-1.800000,10.456429,12.145384
0.000000,3104.476778,-1.800000,10.458070,12.131868
0.000000,3104.727395,-1.800000,10.449571,12.125365
0.000000,3104.977955,-1.800000,10.458429,12.118956
0.000000,3105.226620,-1.800000,10.462744,12.119338
0.000000,3105.476429,-1.800000,10.457622,12.131127
0.000000,3105.728923,-1.800000,10.457323,12.120601
0.000000,3105.976671,-1.800000,10.457197,12.114768
0.000000,3106.227373,-1.800000,10.458700,12.114754
0.000000,3106.477133,-1.800000,10.458205,12.117098
0.000000,3106.726684,-1.800000,10.465717,12.118972
0.000000,3106.976299,-1.800000,10.461675,12.120217
0.000000,3107.227008,-1.800000,10.454077,12.113274
0.000000,3107.478467,-1.800000,10.464994,12.127438
0.000000,3107.727978,-1.800000,10.461643,12.127573
0.000000,3107.976835,-1.800000,10.464018,12.120725
0.000000,3108.227253,-1.800000,10.455359,12.109562
0.000000,3108.476774,-1.800000,10.463645,12.120834
0.000000,3108.728466,-1.800000,10.459265,12.124501
0.000000,3108.977334,-1.800000,10.469950,12.112268
0.000000,3109.227845,-1.900000,10.459528,12.110914
0.000000,3111.228962,-1.900000,10.469809,12.124445
0.000000,3111.234965,-1.900000,10.469813,12.123071
0.000000,3111.239945,-1.900000,10.477981,12.126572
0.000000,3111.245962,-1.900000,10.467717,12.126081
0.000000,3111.250942,-1.900000,10.458559,12.121988
0.000000,3111.256942,-1.900000,10.458170,12.124157
0.000000,3111.261941,-1.900000,10.459317,12.121413
0.000000,3111.268938,-1.900000,10.462358,12.123475
0.000000,3111.478875,-1.900000,10.457959,12.121926
0.000000,3111.728787,-1.900000,10.464736,12.123158
0.000000,3111.977707,-1.900000,10.461199,12.121404
0.000000,3112.226643,-1.900000,10.454937,12.127955
0.000000,3112.478544,-1.900000,10.455374,12.125134
0.000000,3112.728463,-1.900000,10.455129,12.113649
0.000000,3112.977400,-1.900000,10.459460,12.114112
0.000000,3113.227301,-1.900000,10.461807,12.112343
0.000000,3113.476238,-1.900000,10.457701,12.116144
0.000000,3113.727157,-1.900000,10.458418,12.116153
0.000000,3113.978077,-1.900000,10.459620,12.123928
0.000000,3114.226995,-1.900000,10.455406,12.116652
0.000000,3114.477288,-1.900000,10.466417,12.112370
0.000000,3114.727094,-1.900000,10.459927,12.110042
0.000000,3114.976645,-1.900000,10.460798,12.105464
0.000000,3115.226236,-1.900000,10.457756,12.104616
0.000000,3115.476651,-1.900000,10.452824,12.108454
0.000000,3115.726327,-1.900000,10.450830,12.093162
0.000000,3115.977824,-1.900000,10.444146,12.109544
0.000000,3116.227488,-1.900000,10.449309,12.105740
0.000000,3116.476287,-1.900000,10.449727,12.116545
0.000000,3116.726235,-1.900000,10.447343,12.118858
0.000000,3116.976888,-1.900000,10.449601,12.107828
0.000000,3117.226643,-1.900000,10.447864,12.115311
0.000000,3117.477277,-1.900000,10.448414,12.111751
0.000000,3117.726889,-1.900000,10.450722,12.105387
0.000000,3117.977685,-1.900000,10.446427,12.106648
0.000000,3118.227293,-1.900000,10.452604,12.111629
0.000000,3118.476876,-1.900000,10.451947,12.120000
0.000000,3118.726552,-2.000000,10.455221,12.129340
0.000000,3120.738638,-2.000000,10.453872,12.115657
0.000000,3120.743642,-2.000000,10.452066,12.118796
0.000000,3120.748622,-2.000000,10.450135,12.116734
0.000000,3120.753620,-2.000000,10.449513,12.114177
0.000000,3120.758618,-2.000000,10.442701,12.126201
0.000000,3120.763617,-2.000000,10.446485,12.111535
0.000000,3120.767616,-2.000000,10.443377,12.106301
0.000000,3120.774614,-2.000000,10.451650,12.105171
0.000000,3120.977565,-2.000000,10.450090,12.107567
0.000000,3121.237463,-2.000000,10.452888,12.116818
0.000000,3121.476386,-2.000000,10.459355,12.110064
0.000000,3121.727322,-2.000000,10.448615,12.115478
0.000000,3121.977241,-2.000000,10.448816,12.121071
0.000000,3122.226142,-2.000000,10.446895,12.115693
0.000000,3122.477061,-2.000000,10.447932,12.112974
0.000000,3122.727997,-2.000000,10.449603,12.117325
0.000000,3122.977899,-2.000000,10.453264,12.106159
0.000000,3123.226818,-2.000000,10.453895,12.107167
0.000000,3123.477736,-2.000000,10.462868,12.112024
0.000000,3123.726656,-2.000000,10.457652,12.113940
0.000000,3123.978074,-2.000000,10.458700,12.098576
0.000000,3124.227707,-2.000000,10.458544,12.100972
0.000000,3124.476440,-2.000000,10.458956,12.105782
0.000000,3124.726077,-2.000000,10.463647,12.107951
0.000000,3124.977760,-2.000000,10.462213,12.116150
0.000000,3125.227207,-2.000000,10.467679,12.099000
0.000000,3125.476045,-2.000000,10.469687,12.114412
0.000000,3125.727667,-2.000000,10.465269,12.114363
0.000000,3125.977572,-2.000000,10.462591,12.112335
0.000000,3126.227355,-2.000000,10.453663,12.107948
0.000000,3126.477138,-2.000000,10.461483,12.121953
0.000000,3126.726818,-2.000000,10.467696,12.121627
0.000000,3126.976594,-2.000000,10.458779,12.122364
0.000000,3127.226401,-2.000000,10.465493,12.122021
0.000000,3127.476114,-2.000000,10.459361,12.111103
0.000000,3127.727706,-2.000000,10.461033,12.111131
0.000000,3127.976494,-2.000000,10.454034,12.103489
0.000000,3128.226246,-2.000000,10.463662,12.104654
0.000000,3128.477712,-2.000000,10.459714,12.099367
0.000000,3128.727293,-2.000000,10.464371,12.106863
0.000000,3128.976893,-2.000000,10.454591,12.109298
0.000000,3129.226413,-2.100000,10.455645,12.109427
0.000000,3131.238093,-2.100000,10.450493,12.116903
0.000000,3131.243088,-2.100000,10.451763,12.116614
0.000000,3131.248087,-2.100000,10.446261,12.118630
0.000000,3131.253085,-2.100000,10.447036,12.119278
0.000000,3131.258093,-2.100000,10.441328,12.120774
0.000000,3131.262082,-2.100000,10.442551,12.131012
0.000000,3131.267080,-2.100000,10.441266,12.110741
0.000000,3131.274065,-2.100000,10.446321,12.122281
0.000000,3131.477432,-2.100000,10.445217,12.107795
0.000000,3131.727293,-2.100000,10.444498,12.103453
0.000000,3131.977164,-2.100000,10.452474,12.115038
0.000000,3132.227194,-2.100000,10.460514,12.104508
0.000000,3132.476880,-2.100000,10.462328,12.100687
0.000000,3132.726562,-2.100000,10.456373,12.097173
0.000000,3132.976044,-2.100000,10.450730,12.104807
0.000000,3133.227851,-2.100000,10.451257,12.099316
0.000000,3133.477501,-2.100000,10.449407,12.118918
0.000000,3133.726981,-2.100000,10.441448,12.113618
0.000000,3133.977595,-2.100000,10.442568,12.118594
0.000000,3134.227489,-2.100000,10.447797,12.128315
0.000000,3134.477309,-2.100000,10.443554,12.108006
0.000000,3134.727171,-2.100000,10.445475,12.099644
0.000000,3134.976984,-2.100000,10.450354,12.107453
0.000000,3135.227098,-2.100000,10.441175,12.105762
0.000000,3135.476871,-2.100000,10.440054,12.110130
0.000000,3135.726577,-2.100000,10.435700,12.108064
0.000000,3135.976250,-2.100000,10.437476,12.101314
0.000000,3136.227611,-2.100000,10.434970,12.102617
0.000000,3136.477343,-2.100000,10.440765,12.109154
0.000000,3136.727179,-2.100000,10.441668,12.110077
0.000000,3136.977076,-2.100000,10.441422,12.099196
0.000000,3137.226638,-2.100000,10.437717,12.099555
0.000000,3137.476311,-2.100000,10.439798,12.103236
0.000000,3137.725968,-2.100000,10.442824,12.104028
0.000000,3137.977570,-2.100000,10.445951,12.105165
0.000000,3138.227357,-2.100000,10.447558,12.097813
0.000000,3138.476078,-2.100000,10.448801,12.096736
0.000000,3138.726010,-2.100000,10.446641,12.098312
0.000000,3138.977675,-2.100000,10.448049,12.102858
0.000000,3139.227398,-2.200000,10.447371,12.100557
0.000000,3141.228576,-2.200000,10.443823,12.103742
0.000000,3141.233579,-2.200000,10.446581,12.100599
0.000000,3141.238560,-2.200000,10.447627,12.098821
0.000000,3141.243575,-2.200000,10.450026,12.100383
0.000000,3141.248574,-2.200000,10.451112,12.108221
0.000000,3141.253555,-2.200000,10.448457,12.100414
0.000000,3141.258553,-2.200000,10.453810,12.099307
0.000000,3141.264551,-2.200000,10.453417,12.093249
0.000000,3141.477482,-2.200000,10.452160,12.097320
0.000000,3141.726419,-2.200000,10.444299,12.104576
0.000000,3141.977338,-2.200000,10.442688,12.103054
0.000000,3142.226238,-2.200000,10.442643,12.096274
0.000000,3142.477175,-2.200000,10.442737,12.096476
0.000000,3142.726077,-2.200000,10.449791,12.102823
0.000000,3142.976995,-2.200000,10.443364,12.103640
0.000000,3143.225915,-2.200000,10.450813,12.101891
0.000000,3143.476851,-2.200000,10.445268,12.099786
0.000000,3143.728769,-2.200000,10.445757,12.104989
0.000000,3143.978688,-2.200000,10.445627,12.095123
0.000000,3144.228597,-2.200000,10.444438,12.097959
0.000000,3144.476983,-2.200000,10.451759,12.098627
0.000000,3144.727834,-2.200000,10.454092,12.097560
0.000000,3144.977464,-2.200000,10.450796,12.100945
0.000000,3145.227179,-2.200000,10.454119,12.092486
0.000000,3145.478041,-2.200000,10.452694,12.094725
0.000000,3145.726974,-2.200000,10.442558,12.089209
0.000000,3145.978348,-2.200000,10.448562,12.097009
0.000000,3146.227809,-2.200000,10.449701,12.096235
0.000000,3146.478446,-2.200000,10.452102,12.096013
0.000000,3146.727238,-2.200000,10.447245,12.099926
0.000000,3146.977055,-2.200000,10.444861,12.100401
0.000000,3147.226026,-2.200000,10.454894,12.102758
0.000000,3147.477686,-2.200000,10.442240,12.094470
0.000000,3147.728559,-2.200000,10.451001,12.089733
0.000000,3147.978202,-2.200000,10.452796,12.092483
0.000000,3148.228026,-2.200000,10.446592,12.093238
0.000000,3148.477437,-2.200000,10.456166,12.081744
0.000000,3148.731184,-2.200000,10.454476,12.086354
0.000000,3148.977802,-2.300000,10.456943,12.097840
0.000000,3150.978908,-2.300000,10.462802,12.096213
0.000000,3150.985916,-2.300000,10.452864,12.089804
0.000000,3150.992904,-2.300000,10.452284,12.099087
0.000000,3150.998902,-2.300000,10.453515,12.095877
0.000000,3151.004899,-2.300000,10.449511,12.085979
0.000000,3151.010898,-2.300000,10.450679,12.091018
0.000000,3151.016894,-2.300000,10.448675,12.100323
0.000000,3151.023893,-2.300000,10.450681,12.092050
0.000000,3151.226827,-2.300000,10.461656,12.092359
0.000000,3151.477746,-2.300000,10.459553,12.094519
0.000000,3151.726665,-2.300000,10.462317,12.095591
0.000000,3151.977584,-2.300000,10.460986,12.086361
0.000000,3152.226503,-2.300000,10.454115,12.088072
0.000000,3152.478422,-2.300000,10.455180,12.092039
0.000000,3152.728341,-2.300000,10.448295,12.102539
0.000000,3152.978259,-2.300000,10.450220,12.106912
0.000000,3153.227179,-2.300000,10.443956,12.104132
0.000000,3153.477098,-2.300000,10.450510,12.099032
0.000000,3153.728026,-2.300000,10.458002,12.100126
0.000000,3153.976935,-2.300000,10.463487,12.085069
0.000000,3154.227444,-2.300000,10.458271,12.085986
0.000000,3154.477010,-2.300000,10.458674,12.096925
0.000000,3154.727259,-2.300000,10.455003,12.104188
0.000000,3154.977106,-2.300000,10.452508,12.095906
0.000000,3155.228027,-2.300000,10.445898,12.092608
0.000000,3155.475774,-2.300000,10.458685,12.099753
0.000000,3155.728619,-2.300000,10.458981,12.100814
0.000000,3155.978410,-2.300000,10.455878,12.101305
0.000000,3156.227057,-2.300000,10.456700,12.095793
0.000000,3156.476603,-2.300000,10.449048,12.101536
0.000000,3156.727163,-2.300000,10.445407,12.095023
0.000000,3156.977698,-2.300000,10.446122,12.092197
0.000000,3157.227420,-2.300000,10.449964,12.093325
0.000000,3157.477049,-2.300000,10.450502,12.092829
0.000000,3157.725714,-2.300000,10.451772,12.110084
0.000000,3157.977259,-2.300000,10.446621,12.105025
0.000000,3158.226926,-2.300000,10.442630,12.090286
0.000000,3158.476402,-2.300000,10.451054,12.104039
0.000000,3158.725976,-2.300000,10.454830,12.104863
0.000000,3158.975698,-2.400000,10.450150,12.099540
0.000000,3160.976883,-2.400000,10.453375,12.098639
0.000000,3160.981882,-2.400000,10.447142,12.091799
0.000000,3160.986881,-2.400000,10.436850,12.083562
0.000000,3160.991879,-2.400000,10.442846,12.092763
0.000000,3160.996878,-2.400000,10.448771,12.098015
0.000000,3161.001876,-2.400000,10.436765,12.093713
0.000000,3161.006875,-2.400000,10.437591,12.103764
0.000000,3161.014871,-2.400000,10.434486,12.095738
0.000000,3161.225803,-2.400000,10.431233,12.096241
0.000000,3161.476722,-2.400000,10.436759,12.088102
0.000000,3161.727640,-2.400000,10.440624,12.099535
0.000000,3161.976560,-2.400000,10.441420,12.097256
0.000000,3162.227479,-2.400000,10.436003,12.088299
0.000000,3162.476398,-2.400000,10.429525,12.090728
0.000000,3162.727316,-2.400000,10.429064,12.086827
0.000000,3162.976251,-2.400000,10.433504,12.089964
0.000000,3163.227154,-2.400000,10.431107,12.086679
0.000000,3163.475074,-2.400000,10.431286,12.092799
0.000000,3163.726991,-2.400000,10.437915,12.089862
0.000000,3163.975911,-2.400000,10.441740,12.085604
0.000000,3164.227424,-2.400000,10.438490,12.084312
0.000000,3164.477220,-2.400000,10.443106,12.083447
0.000000,3164.725916,-2.400000,10.436342,12.082283
0.000000,3164.977591,-2.400000,10.438274,12.077455
0.000000,3165.225178,-2.400000,10.442647,12.084639
0.000000,3165.475816,-2.400000,10.440159,12.081169
0.000000,3165.727449,-2.400000,10.444876,12.088561
0.000000,3165.975003,-2.400000,10.441286,12.084903
0.000000,3166.226485,-2.400000,10.438724,12.092941
0.000000,3166.476133,-2.400000,10.437425,12.083669
0.000000,3166.727590,-2.400000,10.442812,12.082774
0.000000,3166.977260,-2.400000,10.441151,12.088206
0.000000,3167.227588,-2.400000,10.448623,12.083025
0.000000,3167.478385,-2.400000,10.452711,12.103236
0.000000,3167.726038,-2.400000,10.443919,12.088308
0.000000,3167.977682,-2.400000,10.443403,12.087314
0.000000,3168.226409,-2.400000,10.442880,12.087722
0.000000,3168.477919,-2.400000,10.441256,12.086809
0.000000,3168.727482,-2.400000,10.438630,12.086044
0.000000,3168.978090,-2.400000,10.440169,12.091203
0.000000,3169.226802,-2.400000,10.437060,12.086892
0.000000,3169.476376,-2.400000,10.438537,12.085582
0.000000,3169.727127,-2.400000,10.437160,12.079327
0.000000,3169.976894,-2.400000,10.435753,12.091189
0.000000,3170.228333,-2.400000,10.437649,12.086421
0.000000,3170.476962,-2.500000,10.442664,12.087020
0.000000,3172.476782,-2.500000,10.441062,12.085917
0.000000,3172.481778,-2.500000,10.444018,12.094869
0.000000,3172.485775,-2.500000,10.449383,12.085660
0.000000,3172.490760,-2.500000,10.454422,12.087638
0.000000,3172.495773,-2.500000,10.460616,12.090930
0.000000,3172.499757,-2.500000,10.459097,12.093149
0.000000,3172.504776,-2.500000,10.465293,12.084050
0.000000,3172.510768,-2.500000,10.459208,12.099029
0.000000,3172.726323,-2.500000,10.457554,12.091231
0.000000,3172.975966,-2.500000,10.451328,12.086401
0.000000,3173.225740,-2.500000,10.456200,12.091276
0.000000,3173.477343,-2.500000,10.453057,12.090070
0.000000,3173.726913,-2.500000,10.459210,12.095014
0.000000,3173.976591,-2.500000,10.458194,12.095336
0.000000,3174.226243,-2.500000,10.457368,12.083409
0.000000,3174.475925,-2.500000,10.451445,12.086081
0.000000,3174.726827,-2.500000,10.451501,12.080920
0.000000,3174.976747,-2.500000,10.450088,12.093105
0.000000,3175.225708,-2.500000,10.454623,12.095578
0.000000,3175.476644,-2.500000,10.442048,12.101618
0.000000,3175.726124,-2.500000,10.444686,12.088268
0.000000,3175.976784,-2.500000,10.440959,12.087167
0.000000,3176.226450,-2.500000,10.444071,12.091016
0.000000,3176.475950,-2.500000,10.437901,12.095486
0.000000,3176.726503,-2.500000,10.435888,12.095151
0.000000,3176.975306,-2.500000,10.443510,12.098889
0.000000,3177.225900,-2.500000,10.442295,12.096004
0.000000,3177.477321,-2.500000,10.443407,12.095451
0.000000,3177.726367,-2.500000,10.440212,12.096115
0.000000,3177.975958,-2.500000,10.439883,12.088250
0.000000,3178.227433,-2.500000,10.443461,12.096081
0.000000,3178.478065,-2.500000,10.443836,12.093700
0.000000,3178.727762,-2.500000,10.444995,12.099074
0.000000,3178.978396,-2.500000,10.439448,12.088139
0.000000,3179.227187,-2.500000,10.444513,12.091322
0.000000,3179.477724,-2.500000,10.445403,12.095456
0.000000,3179.727365,-2.500000,10.439444,12.101535
0.000000,3179.975975,-2.500000,10.443085,12.094541
0.000000,3180.225840,-2.500000,10.441226,12.092557
0.000000,3180.475552,-2.500000,10.440718,12.098055
0.000000,3180.731185,-2.500000,10.437250,12.089021
0.000000,3180.980960,-2.600000,10.433973,12.089249
0.000000,3182.990845,-2.600000,10.435935,12.081944
0.000000,3182.999838,-2.600000,10.435096,12.096587
0.000000,3183.008836,-2.600000,10.437316,12.092983
0.000000,3183.016820,-2.600000,10.440641,12.097873
0.000000,3183.023818,-2.600000,10.439747,12.092832
0.000000,3183.030829,-2.600000,10.438182,12.088206
0.000000,3183.036827,-2.600000,10.438340,12.091309
0.000000,3183.045811,-2.600000,10.442833,12.088323
0.000000,3183.229259,-2.600000,10.437971,12.088365
0.000000,3183.479126,-2.600000,10.434375,12.089658
0.000000,3183.728653,-2.600000,10.434927,12.081922
0.000000,3183.978166,-2.600000,10.437049,12.093759
0.000000,3184.232797,-2.600000,10.435824,12.089134
0.000000,3184.483358,-2.600000,10.436321,12.088941
0.000000,3184.733922,-2.600000,10.438272,12.094921
0.000000,3184.984409,-2.600000,10.442124,12.089125
0.000000,3185.233055,-2.600000,10.444263,12.095236
0.000000,3185.483709,-2.600000,10.440573,12.089942
0.000000,3185.734375,-2.600000,10.439256,12.095820
0.000000,3185.982911,-2.600000,10.437548,12.085971
0.000000,3186.233498,-2.600000,10.439013,12.089032
0.000000,3186.483886,-2.600000,10.436968,12.093513
0.000000,3186.732632,-2.600000,10.443764,12.096317
0.000000,3186.983462,-2.600000,10.442329,12.098545
0.000000,3187.233258,-2.600000,10.447998,12.085518
0.000000,3187.481963,-2.600000,10.448128,12.092916
0.000000,3187.731555,-2.600000,10.449996,12.086028
0.000000,3187.982303,-2.600000,10.449398,12.079498
0.000000,3188.232130,-2.600000,10.452610,12.087689
0.000000,3188.481635,-2.600000,10.455411,12.085049
0.000000,3188.733288,-2.600000,10.455351,12.083163
0.000000,3188.983991,-2.600000,10.460394,12.082579
0.000000,3189.226747,-2.600000,10.456143,12.088232
0.000000,3189.477539,-2.600000,10.460081,12.075597
0.000000,3189.728312,-2.600000,10.458469,12.080612
0.000000,3189.977135,-2.600000,10.457502,12.083395
0.000000,3190.227746,-2.600000,10.452465,12.074754
0.000000,3190.477299,-2.600000,10.448831,12.085189
0.000000,3190.727104,-2.600000,10.439126,12.085627
0.000000,3190.976913,-2.600000,10.442701,12.088153
0.000000,3191.226453,-2.700000,10.442174,12.089464
0.000000,3193.228455,-2.700000,10.439192,12.093049
0.000000,3193.233450,-2.700000,10.440526,12.101200
0.000000,3193.238449,-2.700000,10.435649,12.091158
0.000000,3193.243447,-2.700000,10.436616,12.089473
0.000000,3193.248446,-2.700000,10.439124,12.090006
0.000000,3193.253434,-2.700000,10.433935,12.077697
0.000000,3193.257442,-2.700000,10.436167,12.079642
0.000000,3193.264440,-2.700000,10.439100,12.089558
0.000000,3193.476233,-2.700000,10.443234,12.093633
0.000000,3193.726135,-2.700000,10.440976,12.078783
0.000000,3193.975965,-2.700000,10.437965,12.077575
0.000000,3194.226887,-2.700000,10.443499,12.089748
0.000000,3194.476511,-2.700000,10.441454,12.083684
0.000000,3194.725034,-2.700000,10.445460,12.079893
0.000000,3194.975391,-2.700000,10.444656,12.073083
0.000000,3195.227194,-2.700000,10.449785,12.073254
0.000000,3195.476859,-2.700000,10.453042,12.076592
0.000000,3195.726664,-2.700000,10.458277,12.084665
0.000000,3195.976174,-2.700000,10.456053,12.083003
0.000000,3196.225837,-2.700000,10.458794,12.078326
0.000000,3196.475556,-2.700000,10.448480,12.083564
0.000000,3196.725577,-2.700000,10.444257,12.080821
0.000000,3196.977365,-2.700000,10.443377,12.078401
0.000000,3197.229118,-2.700000,10.446858,12.080608
0.000000,3197.479239,-2.700000,10.446009,12.083460
0.000000,3197.728048,-2.700000,10.443774,12.082501
0.000000,3197.977912,-2.700000,10.446976,12.081338
0.000000,3198.227559,-2.700000,10.443352,12.086210
0.000000,3198.478193,-2.700000,10.447567,12.081784
0.000000,3198.726717,-2.700000,10.453357,12.078945
0.000000,3198.975344,-2.700000,10.446417,12.076934
0.000000,3199.226952,-2.700000,10.449210,12.081535
0.000000,3199.476682,-2.700000,10.451430,12.084155
0.000000,3199.726586,-2.700000,10.444376,12.076397
0.000000,3199.976168,-2.700000,10.453127,12.090219
0.000000,3200.225848,-2.700000,10.447296,12.088861
0.000000,3200.475490,-2.700000,10.446905,12.092588
0.000000,3200.727195,-2.700000,10.445452,12.083367
0.000000,3200.977003,-2.700000,10.444925,12.084756
0.000000,3201.227027,-2.700000,10.447260,12.091371
0.000000,3201.476573,-2.700000,10.440748,12.082077
0.000000,3201.726161,-2.700000,10.447678,12.090712
0.000000,3201.976942,-2.800000,10.444464,12.093176
0.000000,3203.979438,-2.800000,10.440639,12.068892
0.000000,3203.984450,-2.800000,10.444502,12.072361
0.000000,3203.989449,-2.800000,10.446986,12.079000
0.000000,3203.995447,-2.800000,10.448130,12.078466
0.000000,3204.000451,-2.800000,10.449674,12.081236
0.000000,3204.004444,-2.800000,10.450019,12.092974
0.000000,3204.009442,-2.800000,10.444848,12.088406
0.000000,3204.015482,-2.800000,10.438251,12.088159
0.000000,3204.227118,-2.800000,10.439397,12.082688
0.000000,3204.476830,-2.800000,10.432671,12.085446
0.000000,3204.727586,-2.800000,10.439467,12.082537
0.000000,3204.977105,-2.800000,10.434782,12.076292
0.000000,3205.225804,-2.800000,10.446489,12.084290
0.000000,3205.475562,-2.800000,10.443104,12.084508
0.000000,3205.725297,-2.800000,10.447620,12.086887
0.000000,3205.976824,-2.800000,10.448666,12.087922
0.000000,3206.226303,-2.800000,10.442524,12.078900
0.000000,3206.475861,-2.800000,10.441864,12.073513
0.000000,3206.726418,-2.800000,10.442758,12.083094
0.000000,3206.977434,-2.800000,10.443998,12.083857
0.000000,3207.227054,-2.800000,10.443983,12.083846
0.000000,3207.476690,-2.800000,10.453127,12.084636
0.000000,3207.726310,-2.800000,10.452433,12.100789
0.000000,3207.975999,-2.800000,10.457733,12.090365
0.000000,3208.226830,-2.800000,10.454218,12.083604
0.000000,3208.476479,-2.800000,10.457165,12.081491
0.000000,3208.726085,-2.800000,10.455035,12.082883
0.000000,3208.975685,-2.800000,10.458292,12.084488
0.000000,3209.226714,-2.800000,10.450297,12.078324
0.000000,3209.476362,-2.800000,10.450529,12.067440
0.000000,3209.725966,-2.800000,10.453752,12.070008
0.000000,3209.976634,-2.800000,10.453571,12.065844
0.000000,3210.226066,-2.800000,10.453097,12.069726
0.000000,3210.475715,-2.800000,10.450762,12.085853
0.000000,3210.726480,-2.800000,10.459150,12.079027
0.000000,3210.975988,-2.800000,10.450517,12.073930
0.000000,3211.226000,-2.800000,10.450436,12.067955
0.000000,3211.475979,-2.800000,10.451957,12.061986
0.000000,3211.726771,-2.800000,10.451136,12.068352
0.000000,3211.977385,-2.800000,10.452862,12.071820
0.000000,3212.225980,-2.900000,10.458858,12.070406
0.000000,3214.227018,-2.900000,10.459940,12.066570
0.000000,3214.232013,-2.900000,10.460922,12.070437
0.000000,3214.237010,-2.900000,10.457816,12.066536
0.000000,3214.242009,-2.900000,10.453394,12.074137
0.000000,3214.247008,-2.900000,10.455050,12.074798
0.000000,3214.252006,-2.900000,10.456503,12.078244
0.000000,3214.257004,-2.900000,10.455001,12.075276
0.000000,3214.263001,-2.900000,10.451392,12.075056
0.000000,3214.476707,-2.900000,10.456173,12.071136
0.000000,3214.726292,-2.900000,10.453398,12.075520
0.000000,3214.975798,-2.900000,10.451889,12.085134
0.000000,3215.225659,-2.900000,10.441858,12.070179
0.000000,3215.476237,-2.900000,10.443014,12.070113
0.000000,3215.725910,-2.900000,10.436624,12.071365
0.000000,3215.975499,-2.900000,10.436370,12.069520
0.000000,3216.226899,-2.900000,10.436392,12.076698
0.000000,3216.476675,-2.900000,10.439450,12.072708
0.000000,3216.726467,-2.900000,10.443236,12.067502
0.000000,3216.976160,-2.900000,10.443578,12.071567
0.000000,3217.225459,-2.900000,10.452265,12.073345
0.000000,3217.476994,-2.900000,10.456401,12.074903
0.000000,3217.726968,-2.900000,10.447729,12.066377
0.000000,3217.975546,-2.900000,10.443747,12.060250
0.000000,3218.225990,-2.900000,10.448790,12.066397
0.000000,3218.475371,-2.900000,10.447053,12.073173
0.000000,3218.727134,-2.900000,10.446959,12.071806
0.000000,3218.975815,-2.900000,10.445892,12.085890
0.000000,3219.225525,-2.900000,10.445563,12.081557
0.000000,3219.476135,-2.900000,10.441941,12.078430
0.000000,3219.725768,-2.900000,10.444630,12.074716
0.000000,3219.976326,-2.900000,10.449804,12.066416
0.000000,3220.226030,-2.900000,10.453014,12.077107
0.000000,3220.475772,-2.900000,10.446457,12.080707
0.000000,3220.725448,-3.000000,10.446997,12.074326
0.000000,3222.727006,-3.000000,10.447580,12.068368
0.000000,3222.731988,-3.000000,10.453932,12.065300
0.000000,3222.737990,-3.000000,10.454168,12.065722
0.000000,3222.742998,-3.000000,10.451398,12.068876
0.000000,3222.746983,-3.000000,10.447507,12.068794
0.000000,3222.751982,-3.000000,10.451744,12.080082
0.000000,3222.756993,-3.000000,10.448980,12.068021
0.000000,3222.762990,-3.000000,10.454282,12.075600
0.000000,3222.976373,-3.000000,10.452497,12.077779
0.000000,3223.225902,-3.000000,10.456375,12.077313
0.000000,3223.476807,-3.000000,10.452314,12.085460
0.000000,3223.725743,-3.000000,10.447046,12.085808
0.000000,3223.976663,-3.000000,10.450261,12.084386
0.000000,3224.225583,-3.000000,10.441913,12.074368
0.000000,3224.477482,-3.000000,10.437777,12.076803
0.000000,3224.726402,-3.000000,10.439954,12.076279
0.000000,3224.975321,-3.000000,10.451210,12.084870
0.000000,3225.226239,-3.000000,10.446564,12.082059
0.000000,3225.475158,-3.000000,10.445307,12.077984
0.000000,3225.726079,-3.000000,10.446103,12.075702
0.000000,3225.975624,-3.000000,10.441813,12.075844
0.000000,3226.225426,-3.000000,10.442752,12.077116
0.000000,3226.477003,-3.000000,10.442711,12.072958
0.000000,3226.726474,-3.000000,10.436530,12.072486
0.000000,3226.976199,-3.000000,10.436966,12.067875
0.000000,3227.225869,-3.000000,10.441008,12.077607
0.000000,3227.475419,-3.000000,10.435107,12.066705
0.000000,3227.725085,-3.000000,10.444737,12.061999
0.000000,3227.976739,-3.000000,10.445394,12.065653
0.000000,3228.226286,-3.000000,10.448286,12.079950
0.000000,3228.475785,-3.000000,10.446160,12.077809
0.000000,3228.725498,-3.000000,10.445531,12.076070
0.000000,3228.976068,-3.000000,10.445234,12.071515
0.000000,3229.225665,-3.000000,10.446754,12.078943
0.000000,3229.476346,-3.000000,10.444440,12.069136
0.000000,3229.726038,-3.000000,10.445354,12.074135
0.000000,3229.975409,-3.000000,10.452845,12.073085
0.000000,3230.225142,-3.000000,10.449070,12.063029
0.000000,3230.477735,-3.000000,10.454723,12.079376
0.000000,3230.725417,-3.000000,10.453074,12.075850
0.000000,3230.977043,-3.000000,10.454894,12.077398
0.000000,3231.226683,-3.000000,10.372786,12.012416
0.000000,3231.476191,-3.000000,10.106064,11.609199
0.000000,3231.725994,-3.000000,9.705148,11.123929
0.000000,3231.975630,-3.000000,9.262994,10.674671
0.000000,3232.225197,-3.000000,8.823668,10.260572
0.000000,3232.475761,-3.000000,8.457524,9.927020
0.000000,3232.725661,-3.000000,8.170927,9.674419
0.000000,3232.975581,-3.000000,7.904466,9.429934
0.000000,3233.225394,-3.000000,7.650509,9.172324
0.000000,3233.476995,-3.000000,7.394056,8.916998
0.000000,3233.725047,-3.000000,7.141363,8.670932
0.000000,3233.976895,-3.000000,6.876219,8.411926
0.000000,3234.226495,-3.000000,6.592343,8.125433
0.000000,3234.475901,-3.000000,6.309892,7.848554
0.000000,3234.725911,-3.000000,6.042523,7.590540
0.000000,3234.975513,-3.000000,5.775219,7.329873
0.000000,3235.225263,-3.000000,5.473114,7.024972
0.000000,3235.475878,-3.000000,4.967388,6.468875
0.000000,3235.725387,-3.000000,4.278307,5.703115
0.000000,3235.976280,-3.000000,3.545485,4.956920
0.000000,3236.225887,-3.000000,2.835281,4.293195
0.000000,3236.475667,-3.000000,2.194583,3.702952
0.000000,3236.725383,-3.000000,1.632878,3.179110
0.000000,3236.975089,-3.000000,1.141800,2.717283
0.000000,3237.226831,-3.000000,0.709920,2.311312
0.000000,3237.475463,-3.000000,0.334947,1.959806
0.000000,3237.725187,-3.000000,0.041803,1.658985
0.000000,3237.976817,-3.000000,-0.000936,1.397934
0.000000,3238.226669,-3.000000,-0.000936,1.179872
0.000000,3238.476181,-3.000000,-0.000936,1.007523
0.000000,3238.725721,-3.000000,-0.000936,0.902985
0.000000,3238.975345,-3.000000,-0.000936,0.852816
0.000000,3239.225052,-3.000000,-0.000936,0.826894
0.000000,3239.476788,-3.000000,-0.000936,0.811544
0.000000,3239.726380,-3.000000,-0.000936,0.801453
0.000000,3239.976087,-3.000000,-0.000936,0.791959
0.000000,3240.225773,-3.000000,-0.000936,0.784991
0.000000,3240.475302,-3.000000,-0.000936,0.776102
0.000000,3240.725036,-3.000000,-0.000936,0.775249
0.000000,3240.975767,-3.000000,-0.000936,0.768565
0.000000,3241.225395,-3.000000,-0.000936,0.764479
0.000000,3241.475315,-3.000000,-0.000936,0.761924
0.000000,3241.725046,-3.000000,-0.000936,0.755660
0.000000,3241.975891,-3.000000,-0.000936,0.753924
0.000000,3242.225636,-3.000000,-0.000936,0.750641
0.000000,3242.475261,-3.000000,-0.000936,0.745708
0.000000,3242.725194,-3.000000,-0.000936,0.743023
0.000000,3242.975818,-3.000000,-0.000936,0.736983
0.000000,3243.226346,-3.000000,-0.000936,0.737096
0.000000,3243.475732,-3.000000,-0.000936,0.730821
0.000000,3243.725327,-3.000000,-0.000936,0.731287
0.000000,3243.976197,-3.000000,-0.000936,0.729944
0.000000,3244.225749,-3.000000,-0.000936,0.726310
0.000000,3244.476601,-3.000000,-0.000936,0.722539
0.000000,3244.726171,-3.000000,-0.000936,0.720489
0.000000,3244.976067,-3.000000,-0.000936,0.718883
0.000000,3245.225692,-3.000000,-0.000936,0.716125
0.000000,3245.475382,-3.000000,-0.000936,0.712292
0.000000,3245.725262,-3.000000,-0.000936,0.708807
0.000000,3245.975243,-3.000000,-0.000936,0.707277
0.000000,3246.225007,-3.000000,-0.000936,0.702984
0.000000,3246.476682,-3.000000,-0.000936,0.701497
0.000000,3246.726435,-3.000000,-0.000936,0.699653
0.000000,3246.975936,-3.000000,-0.000936,0.698470
0.000000,3247.225277,-3.000000,-0.000936,0.695659
0.000000,3247.475076,-3.000000,-0.000936,0.694463
0.000000,3247.727872,-3.000000,-0.000936,0.692465
0.000000,3247.976566,-3.000000,-0.000936,0.689733
0.000000,3248.225214,-3.000000,-0.000936,0.686378
0.000000,3248.476815,-3.000000,-0.000936,0.686480
0.000000,3248.726651,-3.000000,-0.000936,0.685177
0.000000,3248.976049,-3.000000,-0.000936,0.683215
0.000000,3249.226029,-3.000000,-0.000936,0.682929
0.000000,3249.475863,-3.000000,-0.000936,0.679883
0.000000,3249.725657,-3.000000,-0.000936,0.678298
0.000000,3249.975286,-3.000000,-0.000936,0.676321
0.000000,3250.224981,-3.000000,-0.000936,0.675888
